事件标题,事件内容
,2015年1月，俄罗斯约会网站Topface，2000万用户名和电子邮件地址被盗;
,2015年2月，优步(Uber)披露，5万名优步司机的个人信息被不知名的第三方人士获取，包括社保码、司机相片、车辆登记号等信息;
,2015年3月，医保提供商Premera蓝十字披露，1100万客户的医疗和财务数据泄露;
,2015年3月，牙齿医疗机构 Advantage Dental 约15万病人信息泄露，包括姓名、住址、出生日期、电话和社保码;
,2015年4月，360补天平台披露，遍布19个省份的社保系统相关信息泄露达5279.4万条，其中包括个人身份证、社保参保信息、财务、薪酬、房屋等敏感信息
,2015年4月，美国Metropolitan State大学16万学生个人信息泄露，包括出生日期、家庭住址、电话、个人成绩
,2015年5月，全球知名成人约会网站 Adult FriendFinder 390万用户信息泄露，包括电子邮件、IP、甚至是性偏好信息
,2015年5月，手机监听软件制造商mSpy约40万用户信息泄露，包括电子邮件、短信、照片、付款记录和跟踪数据
,2015年5月，美国国税局超过10万名纳税人的财务信息泄露
,2015年7月，内衣制造商Hanesbrands客户订单数据库被黑，约90万网络和电话用户信息泄露，包括地址、电话和信用卡后四位数字
,2015年7月，FireKeepers Casino 酒店披露8.5万信息卡和借记卡信息在2014年泄露，包括银行卡号、姓名、验证码和卡终止日期等信息。
,2015年8月，在线票务销售平台大麦网600余万用户账户密码泄露并在黑产论坛公开售卖
,2015年8月，英国电信运营商Carphone Warehouse约240万在线用户个人信息泄露，其中包括姓名、地址、出生日期和加密的信用卡数据
,2015年10月，音乐众筹网站Patreon超过16GB的文档资料泄露，包括230万个用户的电子邮件地址
,2015年10月，为美国移动电话服务公司T-Mobile提供数据服务的Experian遭到黑客入侵，导致T-Mobile的1500万用户个人信息泄露，包括用户姓名、出生日期、地址、社会安全号、ID号码等
,2015年10月，美股券商Scottrade，460万客户的姓名及地址信息泄露
,2015年10月，英国电信运营商Talktalk120万用户信息泄露，包括电子邮件、名字和电话号码，以及数万银行账户信息
,2015年10月，美国网络券商史考特超过460万客户的联系人信息被攻击者获取，泄露的信息为客户姓名与地址
,2015年10月，乌云平台曝光网易用户数据库“疑似泄露”，数量近5亿条。虽然至今没有证据证明这个数字，但许多普通网民纷纷表示自己的邮箱被登录篡改，甚至由于用网易邮箱注册苹果账户，而导致手机网络犯罪分子锁住，也是一个不争的事实
,2015年11月，喜达屋集团旗下54家酒店发现窃取信用卡信息的恶意软件，包括客户名称、信用卡号码、信用卡安全码和到期日期等信息泄露，泄露数量尚未公布
,2015年11月，香港早教电子设备公司伟易达(VTech)500万用户和600万儿童的个人信息泄露，包括登录密码、IP地址、照片、聊天记录姓名、性别等
,2015年12月，英国快餐连锁店waterspoons 65万顾客信息泄露，包括姓名、出生日期、电子邮件和电话号码。
,MacKeeper是Mac OS X操作系统上的一款实用软件，该软件的数据泄漏事件影响了其约一千三百万的用户。
,在今年五月，日本的国家养老金服务系统遭到了黑客的攻击，受到此次事件影响的人数大约为一百二十五万左右。
魅族Pro5发布会官网被攻击,"今天下午，魅族将发布旗下首款高端机型Pro 5，但在新机即将发布之际，魅族官网遭受了混淆型DDoS攻击，而且还存在继续被攻击的可能。

魅族科技官方微博在9月23日凌晨发布消息：魅族官网在22日晚上19:16分~19:27分遭到黑客DDOS恶性攻击的消息。

根据魅族的说法，这次DDoS攻击持续时间11分钟，瞬时并发流量达到了7G/s，导致魅族官网近40分钟访问困难。更严重的是，由于混淆型DDoS攻击的隐蔽性，很难锁定攻击来源，因此魅族官网在今天的发布会期间和发布会后依旧存在被攻击的可能。根据魅族的说法，这次DDoS攻击持续时间11分钟，瞬时并发流量达到了7G/s，导致魅族官网近40分钟访问困难。更严重的是，由于混淆型DDoS攻击的隐蔽性，很难锁定攻击来源，因此魅族官网在今天的发布会期间和发布会后依旧存在被攻击的可能。"
民建联网站疑遭黑客攻击,2015年9月3日讯，民建联主网站昨日凌晨怀疑遭受黑客攻击，是继去年十月以来第二次，网站昨晚已恢驮俗鳌Ｃ窠联在声明中指出，昨日凌晨发现主网站怀疑遭受黑客攻击，突然急剧增加的流量导致伺服器系统无法负荷而中断运作，市民无法浏览网页资料。对于网站受到恶意攻击，民建联深表遗憾及予以强烈谴责。这是继去年十月“字小逼诩洌民建联主网站第二次受到类似攻击而要中断服务。
英国反犯罪局网站遭攻击?,英国国家反犯罪局网站1日因遭到“分布式拒绝服务攻击”而短暂瘫痪，著名黑客组织“蜥蜴小队”在社交网站推特上声称对这次攻击负责。截至发稿时，英国国家反犯罪局网站已恢复正常。该机构一名发言人说，这次攻击并没有造成安全漏洞，也未影响该机构正常运转，“最多只是给我们网站的用户带来短暂不便”。
HACKING TEAM,"今年六月份，臭名昭著的Hacking Team发生了一起严重的数据泄漏事件。有一名匿名黑客对该团队的服务器进行了攻击，并将其数据库、内部邮件、以及该团队在GitHub上的网络间谍工具源代码等数据泄漏了出来。研究人员在该团队泄漏出来的数据中发现，该团队的黑客在他们的网络攻击活动中利用了大量的0 day漏洞。大部分的媒体机构在受到攻击的时候并没有任何的察觉。除此之外，该团队也因为向第三世界国家的政府出售间谍软件而受到了很多公司和机构的批判。更加糟糕的是，即便是大家已经知道了该团队的黑客正在尝试利用Flash中的0 day漏洞，但Adobe公司仍然花费了好几天的时间去修复Flash产品中的0 day漏洞。在此期间，大多数的用户已经禁用了Flash。由于有大量的用户不满意现在flash的安全性性能，所以导致连谷歌的Chrome浏览器以及火狐浏览器都已经禁用了flash插件。

        研究人员在该团队泄漏出来的数据中发现，该团队的黑客在他们的网络攻击活动中利用了大量的0 day漏洞。大部分的媒体机构在受到攻击的时候并没有任何的察觉。除此之外，该团队也因为向第三世界国家的政府出售间谍软件而受到了很多公司和机构的批判。

        更加糟糕的是，即便是大家已经知道了该团队的黑客正在尝试利用Flash中的0 day漏洞，但Adobe公司仍然花费了好几天的时间去修复Flash产品中的0 day漏洞。在此期间，大多数的用户已经禁用了Flash。由于有大量的用户不满意现在flash的安全性性能，所以导致连谷歌的Chrome浏览器以及火狐浏览器都已经禁用了flash插件。"
Comcast（康卡斯特）,康卡斯特公司是美国的一家跨国传媒公司，该公司发现其用户的登录凭证正在暗网上出售。公司的安全研究人员在研究和调查之后发现，在此次数据泄漏事件中，大约有二十万用户受到了影响。然而，该公司至今还没有抓到导致此次数据泄漏事件发生的罪魁祸首。
ASHLEY MADISON,"今年七月份，黑客成功入侵了网络约会交友的门户网站“Ashley Madison”。黑客随后将该网站的数据泄漏了出来，这些数据包括该网站的数据库信息，内部电子邮件，以及该公司内部app应用程序的源代码。  一旦黑客将这些数据公布在了互联网上，那将会导致非常严重的后果。该网站的一些用户甚至尝试去自杀，因为他们因“婚外情”而受到了不法分子的威胁。在今年夏季末，该网站还遭受到了另一次数据泄漏，有一伙黑客将该网站用户的登录密码泄漏了出来，受到该事件影响的用户账号数量大约为一千一百万。

        一旦黑客将这些数据公布在了互联网上，那将会导致非常严重的后果。该网站的一些用户甚至尝试去自杀，因为他们因“婚外情”而受到了不法分子的威胁。

        在今年夏季末，该网站还遭受到了另一次数据泄漏，有一伙黑客将该网站用户的登录密码泄漏了出来，受到该事件影响的用户账号数量大约为一千一百万。"
HELLO KITTY,与伟易达公司一样，Hello Kitty玩具制造商同样也发生过大规模的数据泄漏事件，该事件发生之后，大约有三百三十多万名顾客的个人信息泄漏了。该公司在此次数据泄漏事件发生之后仍然没有意识到，直到有一名安全研究人员将这个问题报告给了相关部门之后，该公司才意识到这一问题的存在。
人事管理办公室,所有政府工作人员的OPM（人事管理办公室）管理记录是包括美国军人的个人信息在内的。OPM的数据泄漏事件发生在今年三月份，但是该事件直到今年六月份才曝光。最初的调查结果显示，此次数据泄漏事件泄漏了一千八百万条记录，但在随后的进一步调查之后发现，实际泄漏的记录比之前的还要多四百万。在七月底，泄漏的记录数量增加至了两千一百万。除此之外，研究人员还发现黑客从数据库中还盗取了五百六十万政府职员的指纹数据。美国指责称，此次攻击是由中国发动的。而中国政府的官员承认了此次攻击的确与中国有关，但与中国政府无关，此次攻击是其他黑客组织的个人行为。根据中美间谍协定，中国政府在今年九月逮捕了这一黑客团伙。
JUNIPER（瞻博网络）,瞻博网络公司是榜单上最后一家遭受到数据泄漏的公司。安全研究人员在瞻博网络的ScreenOS操作系统中发现了防火墙设备的后门程序。除此之外，研究人员还在ScreenOS操作系统的源代码中发现了“未经授权的程序代码”，这个后门程序可以允许攻击者访问物理设备，甚至还可以解码VPN通信数据。该后门的来源目前仍不得而知，但是有些人觉得是中国政府所做的，而有些人却认为是美国国家安全局的行为。也许直到明年我们才能知道到底谁才是这一事件的罪魁祸首了。
GEMALTO（金雅拓）,金雅拓是一家荷兰公司，该公司是全球最大的SIM卡制造商。美英间谍曾入侵金雅拓公司以盗取加密密钥，这些密钥可用于解密语音和数据方面的移动通信，而用户、网络运营商、以及政府都不会知情。显然，这相当于偷到了用户家里面的门钥匙，因此攻击者无需“破门而入”即可将用户家里洗劫一空。
LASTPASS,LastPass是目前使用最为广泛的密码管理器。在今年六月份，其同样遭遇到了数据泄漏。有一伙匿名黑客成功地从中窃取了一些电子邮件，加密密码以及这些密码的提示信息。
T-MOBILE和EXPERIAN, 这次黑客事件与以往有所不同，因为T-Mobile公司本身并没有发生数据泄漏，而是Experian（一家信用报告公司）发生了数据泄漏事件，并且还泄漏了T-mobile公司的用户数据。Experian公司可以查询T-mobile商店用户的信用评级。根据安全研究人员的报告，在此次事件中大约有一千五百万条客户记录泄漏了出来。
TALKTALK, 今年，TALKTALK已经是不止一次发生数据泄漏事件了，仅在2015年，TalkTlak就发生了三次数据泄漏。二月份，TALKTALK泄漏了四百万用户的个人数据，今年十月份，TALKTALK又泄漏了两百四十万用户的数据，而在八月份，该公司的子公司（Carphone Warehouse）又泄漏了两百四十万用户的数据。该公司总共泄漏了大约一千零四十万用户的个人纪录，在发生了如此大规模的数据泄漏之后，如果公司还不开除它的CSO，那么用户只能考虑更换ISP服务提供商了。
中央情报局局长－JOHN BRENNAN,这也许是今年最高调，而且是最不可思议的攻击事件了。因为有一伙黑客（这活黑客由三个青年组成，并取名为CWA）仅仅通过简单的社会工程学就得到了中央情报局局长－JOHN BRENNAN的私人电子邮件地址。
世界贸易组织,匿名者（Anonymous）入侵了世界贸易组织（WTO）的网站，并泄露了大量成员的个人信息。经过了解证实，匿名者通过利用一个简单的SQL注入来获取来自世界各地的访问者的个人资料。于此同时，尽管WTO组织意识到他们受到了攻击，但他们所采取的系统安全保护措施却是无效的。
中国顶级黑客的生意：12306“悬赏”的两千块要不要？,黑客团队KEEN。如果一位年收入超过百万元的顶级黑客，花费数月研究，发现了一个拥有上亿活跃用户网站的漏洞，那这个漏洞的价值应该是多大？2014年12月底，铁路12306售票网站被黑客“撞库”，至少13万条包括用户名、密码、身份证在内的个人信息流出。后来，12306加入了360旗下的漏洞响应平台“补天”，最高悬赏2000元，号召网友查找自身是否存在安全漏洞。表面上看，安全问题频出的12306对安全问题重视了起来，但在安全圈内，很多人大呼2000元悬赏费“太低，没有诚意”，不足以让高手出招去找到那些真正要紧的大漏洞。业内人士称，顶级黑客费时费力发现一个严重漏洞的价值可能超过百万甚至更高。被找出漏洞，中国厂商大多数仅表示感谢“国内厂商对安全问题从不重视到重视，但重视了以后，该怎么做还处在摸索的阶段。”国内顶尖“白帽子”黑客团队KEEN的负责人王琦虽然未对12306的悬赏高低进行置评，但已然将国内互联网安全现状一语道破。不管是“白帽子”，还是“黑帽子”，他们都统称黑客，在挖掘和利用网络上的各种漏洞。区别在于白帽黑客心存正义，他们发现漏洞后并不制造“武器”或是变身“军火商”去获利，而是提交给相关厂商，厂商有时候会给予酬金，但大多数时候仅仅表示感谢。然而随着网络安全事件的频繁发生，国内安全市场空前活跃。在国内知名漏洞报告平台“乌云网”上，澎湃新闻（www.thepaper.cn）看到，目前有上千位“白帽子”登记在册。“这两年‘白帽子’越来越多，很多年轻人喜欢从找网站的漏洞入手，接触安全技术。”刚刚当选“上海IT青年十大新锐”的王琦对澎湃新闻表示，“网站漏洞挖掘门槛相对较低，非常适合白帽子入门。”王琦带领的KEEN则主攻高端漏洞。国际最主要的安全会议中几乎都能见到KEEN的身影，曾经多次演示过电影《窃听风云》中“关机窃听”、“悄无声息从新iPhone上偷照片”、“智能汽车遥控无人驾驶”等高级漏洞在现实生活中的利用。在全球顶级安全赛事Pwn2Own上，KEEN找到了苹果MacOSX、iOS漏洞、微软Windows8.1的漏洞，成为这个赛事的首个亚洲冠军团队，并且连续两年三次夺魁。KEEN自称发现的漏洞是苹果安全团队的两倍。王琦说，KEEN所查找的漏洞难度都相当大。“操作系统就像一个黑盒子，需要对系统非常了解。研究人员有时甚至看不懂，但还得找到里面的问题，这需要多年的深厚计算机和数学知识积累。”名声在外之后，商业的机会也接踵而至。目前KEEN为政府机构、智能设备厂商、互联网金融和电商等提供安全检测产品和服务，合作客户中包括谷歌、微软、华为、腾讯等知名企业。“他们都是自己找上门来，有强烈的合作意愿。”王琦说。一年百万元收入与普通的安全团队相比，KEEN有着可观的收入。在澎湃新闻（www.thepaper.cn）记者的追问下，王琦说，“有优秀成果的研究员加上奖励到手，我们一年下来会给百万元以上。”王琦不希望过分解读这个工资：“我们是一个没有生产资料的公司，没有厂房没有生产线，我们主要是人力成本，所以每个人的收益会比较多。”在顶级黑客百万元以上的合法收入占比中，除了厂商奖励的部分，还有很大一部分是来自公司本身。王琦的逻辑是，“收入少，等于证明做一个不会拿漏洞干坏事的白帽子是没有前途的，所以要树立榜样来激励对正义的坚守。”事实上，在商业利益与社会责任间的两难抉择，让王琦几次想放弃“白帽子”生涯。但王琦还是坚持了下来，一方面是出于自身职业的热爱，另一方面是国内安全环境的转变，让他看到了行业的希望。对于未来，王琦预计，国内客户将逐渐增多，国外的可能越来越难做：“这个事情在他们那儿也有压力。”王琦还吐槽说，“本质上，安全行业不好做的原因是，对优秀人才的智慧成果不够尊重和重视。厂商说你应该把你发现的我的产品的漏洞无条件告诉我，因为你不能干坏事。但如果说我发现这个问题，你能够给我足够的奖励吗？”王琦说自己真的处于矛盾期：“打个比方，比如我发现ATM机能自动吐钱的漏洞，报告给银行，结果可能只奖励几千块钱，但这个漏洞有可能是我花几个月，耗公司之力来发现的。现在厂商普遍能够给到的回报还比较低。”
著名黑客组织向恐怖分子宣战：要关了你们的社交账号,黑客组织Anonymous宣战视频截图知名黑客组织Anonymous宣布，将对恐怖分子的网站和社交媒体账号发起报复。在文件分享网站Pastebin上，该组织用法语发出信息，提到造成12人死亡的《查理周刊》遇袭案，称：“我们不能倒地，回应是我们的责任。”据《今日美国》报道，该组织还在YouTube上发布了一段法语视频。一名男子读到：“恐怖分子，我们对你们宣战。”视频的描述中写道，这是发给“基地”组织、“伊斯兰国”和其他恐怖分子的讯息。该组织发誓将关闭与恐怖分子相关联的社交网络账号。“我们将追踪你们的所有网上活动，我们将关闭你们在每个社交网络上的账号。”这名男子戴着标志性的盖伊・福克斯（GuyFawkes）面具，并用数码软件对声音作了处理。Anonymous是一个由大批黑客组成的松散团队，置身于多个全球冲突内，此前在以色列和美国都发起过攻击。许多自称属于Anonymous的黑客通常戴着盖伊・福克斯面具。福克斯是英国天主教“阴谋组织”的成员，1605年曾计划刺杀詹姆士一世和英格兰议会上下两院的所有成员。计划失败后，福克斯被处死。近年来，福克斯被当作一些无政府主义组织的标志。
被黑客攻击，开发者终止以金正恩为主角的游戏,因为受到黑客的攻击，以金正恩为主角的小游戏《光荣的领袖》最终被迫取消。《光荣的领袖》是由国外独立工作室金钱马制作，这款16位画面的横版过关小游戏以“朝鲜领导人金正恩”为主角的，也因为如此，这款游戏从公布起就产生了不小的热议，在索尼影业遭黑客攻击后，这款小游戏也成为了新的目标。该游戏的开发是在众筹网站kickstarter网站以众筹形式进行。此前，这款游戏已经筹集到了1.6万美元的资金，有570人对它进行过赞助。但在本月7日，游戏开发者突然取消了这一项目。该工作室发布声明称，在几周前金钱马工作室一直遭受到黑客攻击，工作室官网随后就一直处于瘫痪状态。澎湃新闻发现，目前，该工作室的官网依然不能打开。因为开发初期便获得了极大的关注，此前该游戏的资金筹集工作一直十分顺利。但去年12月，因为拍摄争议影片《刺金采访》的索尼影业遭到黑客攻击，开发者们决定追加一个关卡――对抗《刺金采访》导演赛斯・罗根。开发者称，正是这之后，他们的电脑与网站遭到了黑客的持续攻击。他们称，黑客还将kickstarter众筹项目支持者的个人信息以及《伟大领袖》的开发数据公布了出来。据悉，金钱马工作室的开发数据不仅外泄，就连他们工作用的电脑都已失去控制。直到1月7日，他们才重新夺回了电脑控制权。金马工作室在众筹页面上表示，项目之所以取消，是因为开发数据已丢失，而且黑客们对他们的攻击从未停止过。然而，也有媒体对该工作室的声明进行质疑。美国安全专家GrahamCluley撰文称，将矛头对准黑客很可能是这一工作室对众筹项目的失败的借口。这一众筹项目预定本月16日截止，但目前远远没达到5.5万美元的目标。GrahamCluley也表示，工作组在开发过程中不大可能没有自己的数据备份，而且黑客组织也不大可能专门对于一个小小的游戏工作室发动如此长期的攻击。此前，为了阻止以刺杀金正恩为主题的争议电影《刺金采访》放映，其制作商索尼影视遭到黑客组织的攻击。成为搅动国际政治的关键事件之一。本月2日，以朝鲜对索尼公司发动“破坏性、强制性”的网络攻击为由，美国总统奥巴马签署一项行政命令，追加对朝鲜制裁，与朝鲜政府有关的3家实体机构和10名个人被列为制裁对象，他们被禁止进入美国金融系统。14日，朝鲜常驻联合国副代表安明勋在新闻发布会上再次表示，朝鲜与黑客事件无关。“纯属无稽之谈”他补充道，“美国需要拿出切实的证据来”。这是一款怎样的游戏？好了，既然游戏玩不了，那我们来重温一下这个游戏原本计划的几大亮点（来自制作组官方介绍）。游戏讲述的是游戏主角金正恩在好朋友丹尼斯・罗德曼、一只独角兽、以及父亲金正日灵魂的帮助下打击入侵的美国大兵，保卫朝鲜的故事。第一关：平壤主角将在平壤抗击入侵的美国大兵，从锦绣山太阳宫一路打到五一体育场。第二关：独角兽森林这里，金正恩遇见了独角兽朋友，并骑上它逃离城市，并一路与美国阻击着抗衡。第三关：白头山金正恩进入白头山，这里是“白头山血脉”的诞生之地，美国大兵妄图偷窃白头山顶的“圣水”，主角将消灭入侵者。第四关：独角鲸之海这一关中，金正恩在传说中的独角鲸的帮助下，开始反击美国舰队。金正恩一路消灭穿着喷气衣的海军陆战队以及驱逐舰，最后打入美国旗舰。第五关：布什号航母航母上充满了各种试验性武器，金正恩通过超人般的力量与勇气最终成功击沉航母。第六关：飞跃敌空金正恩可以选择通过导弹、飞机或者任何飞行器，在敌人阻击中飞回平壤。第七关：柳京饭店主角爬上了朝鲜最高的楼，等待他的是什么呢？可能是它也可能是他奖励关：把索尼干掉吧。
骗子出新招了：向黑客买电视购物纪录，扮快递员抢先送假上门,骗子出新招了：向黑客买电视购物纪录，扮快递员抢先送假上门。CFP资料温州永嘉县法院1月14日开庭审理1起团伙系列诈骗案，28名被告人因分别涉嫌诈骗罪、非法获取公民个人信息罪被诉。澎湃新闻（www.thepaper.cn）发现，该案中，被告人采用了1种新型诈骗方式：从“黑客”处买来入侵快递公司服务器非法获取的电视购物客户数据，利用货到付款方式，假扮快递员，抢在真货到达前“送假上门”，或假冒电视购物公司专员，在取得老客户信任后推销假货。警方初步估算，该团伙涉案金额近亿元，行骗区域遍布全国。2013年2月，温州瑞安市民赵先生通过电视购物，以货到付款方式买了1台500多元的平板电脑。“快递员”送货上门时，赵先生还进行了外观检测及开机检测。因快递员一直催促，说要送下一单货，他确认能开机后便付了款。送走快递员，再去操作时却发现，无论怎么点系统图标，电脑均无反应。他以为收到次品，打电话向电视购物商家投诉，但对方答复刚刚发货，快递公司尚未投递。由于同样的情况接连发生，温州某快递公司反映到警方。该公司发现，快递员派件时多次碰到顾客“已收件”，怀疑有人假冒快递员提前收走货款，而“货物”都是些模型。温州公安局交通治安分局接警后，经侦查追踪，于当年12月在永嘉县和田大厦的“跃龙科技有限公司”内抓获4名诈骗团伙首要嫌疑人，起获大量用A4纸打印的被非法窃取的个人信息资料。在公司位于温州市区的发货点和仓库，还查获了DV机、手表、纪念币等大批假货。据落网成员供述，他们的诈骗方式主要是由团伙成员赵某高价从名为“天空辽阔”的“黑客”（另案处理）处购买其入侵各快递公司服务器非法获取的客户资料，筛选后，留下采取货到付款方式的客户资料，有偿提供给团伙首脑杨某。杨某以货物有无送达为标准，“有的放矢”地让团伙成员假冒快递员送假货，或假冒“电视购物专员”电话推销假货。据介绍，跃龙公司（前期名为“北京尚国国际”）是杨某及团伙成员设立的诈骗平台。对采取货到付款方式但未收货的买家，会准备好与所购物品相近的劣质品、模型等，假扮“快递员”上门收款，并以“急着送下一单”等借口立即离开。由于他们选中的订单金额多在千元以内，大部分被骗者放弃了追讨。对已收货的买家，跃龙公司会让话务员利用改号软件，冒充“电视购物中心”等“回访”有购物记录的顾客，并以“中奖”、“回馈客户”、“新品”、“预存话费送手机”等引诱他们再次购买。该团伙还在全国各地发展“代理商”，构建了华北、华中、华东、西北、西南5个“配送中心”，不仅向代理商出售假货和顾客信息，在代理商诈骗成功后还要抽成。检方统计，该案中跃龙公司诈骗现金104万余元，未成功（顾客挂掉电话拒绝）232万余元，成功率超过30%。据此前警方统计，该团伙诈骗涉案金额近亿。澎湃新闻了解到，除永嘉法院当日审判的该案，另有关联案件另案处理。
“伊斯兰国”引中东众怒，黑客组织宣布对其发动“全球网战”,全球最大的黑客组织“匿名者”号召全球的黑客共同抵制IS在网络空间的宣传。自称“伊斯兰国（IS）”的恐怖组织近期以极端残忍的手段先后杀死多国人质继续引发全球范围的口诛笔伐，不仅引起了整个中东地区的愤怒，甚至全球最大的黑客组织“匿名者”也看不下去了。近日，该组织在社交网站上发布一段视频称，正式对IS宣战，并号召全球的黑客行动起来，共同抵制IS在网络空间的宣传。崛起于叙利亚内战的IS，在去年6月攻占伊拉克石油重镇摩苏尔后迅速壮大，控制了叙利亚与伊拉克边境的大片地区。该组织一系列极端残暴的行径已经让其成为全球的众矢之的。除去发布斩首、火烧人质的视频以外，有多个国际权威组织的报告直指，该组织犯下了活埋、虐待儿童，强制让民众充当人弹，强奸、拐卖妇女等诸多反人类罪行。关闭数百推特账号令人担忧的是，该组织在网络时代极为专业的宣传技巧不断吸引着全世界激进分子源源加入。在社交媒体脸书以及推特上，不断涌现大量宣传IS的社交账号。同时，该组织发布近期发布的多个处决人质的视频其剪辑的专业程度与内容的残忍程度形成强烈的对比，这些视频在网络上的流传成为了该组织散播恐怖、宣扬恐怖主义的工具。“我们是穆斯林、是基督徒、是犹太教徒”，这个视频声明称，“是黑客、破坏者、黑客行动者、网络钓鱼者、安全人员、间谍，或者就是你的邻居……”，这份“匿名者”发给IS的声明称，“我们来自各个民族、各个国家、各个信仰……自诩为‘伊斯兰国’的恐怖分子不是穆斯林”。“我们会追捕你们、黑掉你们的网站、账号、邮件、暴露你们的身份……你们会被当做病毒对待，我们是治疗者”。随后，他们也贴上了他们的“战果”，从发动这一“网络战争”数日来，已经关闭了数百个与IS有关的推特以及脸书账号。诸多网络巨头以及新闻媒体似乎也在某种程度达成了默契。澎湃新闻（www.thepaper.cn）注意到，在约旦飞行员被施以火刑视频放出数小时后，该视频已经从脸书、YouTube、推特上消失无踪。与此同时，绝大多数主流新闻网站也避免刊登该视频大多数镜头。“匿名者”是一个体系松散但规模庞大的地下黑客组织，有一群“年轻的半无政府主义”黑客所组成，有着相似的政治理念，比如鼓励言论自由、要求政府透明、反对垄断和独裁等等。近几年来，该组织曾通过发动网络攻击等方式参与到多个政治事件中，如支援维基解密、攻击美国、朝鲜等国的政府网站中，此前，因为涉及危害网络安全行为的攻击活动，曾有数以千计的成员遭到不同国家的逮捕。上个月，法国《查理周刊》编辑部遭到恐怖分子袭击，造成十余名平民死亡。匿名者便公开发表过一份影片声明，表示将对恐怖分子宣战，并誓言要为法国杂志《查理周刊》遭到的血腥攻击复仇。然而，最新的这份声明也遭到了黑客组织内部的一些反对，在该组织的推特账号中，有人留言称发动对恐怖分子账号的瘫痪行为不利于外界追踪IS的行动。同时也有人表示担忧位于叙利亚与伊拉克的黑客成员的人身安全。对抗IS让阿拉伯世界团结了起来？不单是来自全世界各地的黑客们，打击IS似乎也成为了此前中东地区此前长期相互争斗的族群和敌对的宗派目前共同一致的目标。《纽约时报》便报道称，在叙利亚，政府对数月来一直与其作战的该组织表示谴责，但既反对政府、也反对“伊斯兰国”的基地组织(Qaeda)武装分子也做出了同样的举动。在埃及，穆斯林兄弟会和埃及政府破天荒地在某件事上达成了一致意见，那就是“伊斯兰国”杀害约旦中尉莫阿兹・卡萨斯贝的方式体现出的残暴。约旦飞行员卡萨斯贝被烧死一事，让阿拉伯世界团结在了一起。《纽约时报》称，约旦飞行员卡萨斯贝被烧死一事，以之前人质遭斩首事件所没有的方式，引发了人们对极端分子的满腔怒火和厌恶，让阿拉伯世界团结在了一起。在叙利亚，总统巴沙尔・阿萨德(Basharal-Assad)的支持者和反对者均谴责了这一行径，双方的外部支持势力也表达了同样的立场。叙利亚政府最重要的盟友、与约旦交恶的伊朗称，杀害这名飞行员的行为“惨无人道，不符合伊斯兰教的做法。”叙利亚政府的另一个盟友、黎巴嫩什叶派组织真主党(Hezbollah)旗下的灯塔电视台(AlManar)称，这是“伊斯兰国”犯下的诸多暴行中，“最令人毛骨悚然的一次”。反对阿萨德政府的卡塔尔同样痛斥了这次杀戮行为，称它“有悖于”伊斯兰教的“宽容原则”。土耳其也表达了同样的看法。土耳其总统雷杰普・塔伊普・埃尔多安(RecepTayyipErdogan)称，这是一种“野蛮”行径，在伊斯兰教中没有立足之地，并表示，“我诅咒并谴责烧死约旦飞行员的行为。”该地区的许多国家指责土耳其允许外国武装分子穿过其边境进入叙利亚，使他们得以在叙利亚加入了“伊斯兰国”。
知名黑客组织称已捣毁超过千余“伊斯兰国”账号、网站和邮箱,自从法国《查理周刊》遭枪击事件发生后，“匿名者”就对“伊斯兰国”（IS）宣战。网页截图“我们决不饶恕，我们从未忘记。”经过了一个月，知名黑客组织Anonymous再次现身，宣布他们已经捣毁和暴露了超过1000个属于极端组织“伊斯兰国”的网站、社交账号以及电子邮箱。澎湃新闻（www.thepaper.cn）此前曾报道，该组织在上月《查理周刊》恐袭案爆发后在网络上对恐怖分子们发起宣战，称要“追踪你们的所有网上活动，我们将关闭你们在每个社交网络上的账号”。称未来会有更多的网络攻击据《每日邮报》报道，Anonymous组织近日又在Youtube上发布了一段视频，视频中的讲话者和此前一样，带着标志性的盖伊・福克斯（GuyFawkes）面具，用电子合成的声音宣称他们发起的“ISIS行动（#OpISIS）”目前已经成功锁定了超过1000个和“伊斯兰国”有关的推特账号、Facebook页面以及其他相关网站，并附上了详细名单。据称，这些账号和网站中，有一部分已经完全被“捣毁”，还有一部分在被入侵后，加入了一些来自Anonymous的推文内容。此外，还有12个可能与恐怖分子过从甚密的电子邮箱地址以及Facebook账号被公开，希望公众能“监控他们”。Anonymous称，这一切仅仅只是他们行动的开始，并称“更多的（报复）将会来临”。视频还强调称Anonymous组织的成员来自不同的种族，有着不同的信仰、背景和性别。“我们会追杀你们，捣毁你们的网站，账号和邮箱，再暴露你们……从现在起，网络中再没有你们的安身之地……你们将如同病毒，而我们，则是你们的天敌……网络是我们的世界，我们是Anonymous，我们多得数不清，我们绝不饶恕，我们从未忘记，敬请期待吧。”野火烧不尽，春风吹又生？尽管如此，这个极其擅长使用社交媒体宣传自己并招募支持者的极端组织真的会因为Anonymous的入侵行动受到影响吗？《卫报》报道称，这项行动对于“伊斯兰国”在社交网络上的活动的影响仍然不得而知，因为目前看来，他们似乎有着“野火烧不尽，春风吹又生”的趋势。据称，该极端组织成员建立新账号的速度几乎和账号被关闭的速度差不多。据报道，自去年6月开始，Twitter官方已经封杀了超过1500个“伊斯兰国”的账号，但“伊斯兰国”的支持者却“自有对策”――他们发布了一个“社交媒体指南”，教导这些人如何在Twitter上建立新账户且不被官方发现。也有很多“伊斯兰国”账号在围剿下转向了另一个社交网站Diaspora继续活动。Diaspora网站由于采用的是开放式传输网络，在上面发布的信息和图片几乎无法被彻底删除。Anonymous是谁？事实上，黑客组织Anonymous不仅仅只和恐怖分子作对，他们的攻击目标还包括儿童色情网站以及三K党。他们时常还会因为不满各国政府出台的某些政策而对政府部门发起网络攻击。此外，曾经遭到过Anonymous组织“造访”的国家和公司还包括美国、以色列、突尼斯、乌干达的政府部门，以及Paypal公司，万事达和维萨信用卡公司，以及索尼公司。他们的组织成员被称为“匿名者”（Anons），且总是面戴标志性的《V字仇杀队》面具。
卡巴斯基：黑客组成多国部队“钓鱼”，银行被盗10亿美元,卡巴斯基发布报告称，世界各地多达100家银行和其他金融机构遭受了网络攻击，多国正在展开调查。据英国金融时报报道，俄罗斯网络安全公司卡巴斯基(Kaspersky)将于周一发布的一份报告称，世界各地多达100家银行和其他金融机构遭受了网络攻击，这是迄今技术含量最高的针对金融业的攻击之一。这波攻击的范围和程度仍在调查中。卡巴斯基称，这份声明得到了国际刑警组织(Interpol)、欧洲刑警组织(Europol)和许多国家正在展开调查的有关部门的支持。据卡巴斯基估计，相关银行遭受了10亿美元损失。卡巴斯基的一名代表承认，这反映了攻击所针对的数额，但该公司尚不能确认实际上有多少钱遭窃。卡巴斯基上周日在一份声明中表示，巨大的潜在损失源于过去两年期间的一系列袭击，这些攻击都是由一个被调查人员称为Carbanak的国际犯罪团伙发起的，该团体据信在俄罗斯、乌克兰、欧洲其他地方，以及中国都有代表。据卡巴斯基介绍，该团伙通过“鱼叉式网络钓鱼”手法（瞄准具体雇员发送电子邮件，这些邮件一旦被打开，就会偷偷释放恶意软件进入公司系统），侵入银行的系统。然后，恶意代码寻求识别和研究有权转移大笔资金的主管人员的活动，利用这一知识转移多达1000万美元至在中国和美国的银行设立的特别账户。卡巴斯基称，有时候，自动取款机会在预定的时间接到指令，要求它们开始吐出现钞。卡巴斯基的首席安全研究员文森特?迪亚兹(VincenteDiaz)表示，Carbanak团伙的目标范围之大和手法之复杂值得注意。在识别了银行内部最高层的行政管理人员，并埋下监控工具后，攻击者往往花费数月时间掌握这些主管人员的操作规律，然后才试图复制他们的行动以盗取金钱。他补充说，他们专注于盗取大笔现金，而不是窃取银行客户的信息，后者是以往比较常见的一种欺诈形式。总共有30个不同国家的金融机构受到影响，攻击范围之广，已促使在网络安全问题上协调银行间信息共享的组织――金融服务和信息共享及分析中心(FinancialServicesandInformationSharingandAnalysisCenter)向其他银行发出警告。“我们已将有关这场攻击的情报散发给成员，”该组织在《纽约时报》(NewYorkTimes)援引的一份声明中表示。“执法机构也提供了一些简报。”银行业安全不仅于资金安全，近来各国政府开始展开银行业安全大战。2月16日，新华海外财经援引知情人士的话称，美国官员已经与中国官员就拟实施的中国银行业安全新规举行了高级别会谈，美国科技公司称这些规定将迫使其提交敏感的知识产权信息。报道称，美国多个行业组织要求中国推迟新规的实施，之后中美两国官员在北京和华盛顿就该问题进行了磋商。这些行业组织称，根据新规，为中资银行提供服务的美国企业将必须向中国官员提交自有软件源代码。该规定旨在阻止外国的间谍活动。中国银行业监督管理委员会（简称∶银监会）在上周四的声明中称，在实施银行软件源代码备案的新规之前，将首先听取各方意见。银监会还表示，源代码规定还在研究之中。声明称，备案方式和流程将在充分听取各方意见后实施。声明还说，相关要求不存在国别差别。
联想网站遭美黑客攻击：长发少年现身主页，疑因预装广告软件,联想网站被黑后出现的长发少年。全球最大的PC生产商联想集团在互联网时代的大浪淘沙中未能躲过礁石险滩的含沙射影。上周在遭受美国政府针对“插件门”的警示后，联想又在本周成为了美国黑客的攻击对象。BBC在26日的报导中称，一个名为LizardSquad的黑客组织本周三在Twitter页面上声称对此次黑客攻击负责。联想网站被黑根据科技网站TheVerge报导，周三21时GMT起，用户打开联想网站Lenovo.com后，印入眼帘的不再是红底白字的联想logo，而是一张齐肩长发少年对着电脑屏幕摄下的照片，少年身后是堆满衣物的床铺，阳光透过虚掩的窗帘射入，在少年身后形成一道光束。而网站的背景音乐也成了电影《歌舞青春》（HighSchoolMusical)中的《自由自在》（BreakingFree)。该黑客组织的一名成员说，这张照片为其成员瑞恩・金。而根据TheVerge的报道，被黑的联想网页源代码中包含了这样的语句：“经过优化的新版联想网站，来自瑞恩・金和洛里・安德鲁・戈德弗雷。”联想随后在一份给路透的声明中称“联想网站的域名服务器被黑。目前无法进一步分享更多信息。我们已经恢复了网站的特定功能。”旧金山安全软件公司CloudFlare称，黑客将域名记录导向了CloudFlare，从而将域名指向其他网站。“CloudFlare的工作人员发现后立即冻结了该账户，并与联想合作恢复了服务，而联想努力恢复其域名，”CloudFlare首席安全研究员MarcRogers在写给路透的邮件中表示。被黑或与“插件门”相关然而情况可能比联想看到的更糟，对外的“城门”被黑，对内的邮件已被殃及。Twitter号@lizardcircle在其主页晒出了两封类似联想员工的内部电子邮件，一封谈到了此次的被黑事件，另一封谈到了与Superfish有关的“插件门”。在去年第四季度的货品中，联想在Miix、Flex和Yoga等系列的笔记本电脑中预装了Superfish广告软件。有安全专家称这一软件能在未经用户许可的情况下获取敏感数据并将广告推送至搜索引擎和其他网站上，使电脑暴露在黑客或其他恶意软件之下。联想首席技术官彼得?霍腾休斯(PeterHortensius)在24日公开的道歉信里表示，对造成安全恐慌而感到非常抱歉，并称将在本周内公布解决软件漏洞和安全问题的具体方案。目前，因Superfish一事，联想已面临被至少六家美国法律公司提起集体诉讼的危险。Forbes认为，联想此次被黑，若与Superfish事件有关，并不让人觉得意外。上个月，LizardSquad曾黑掉索尼PlayStationNetwork和微软XboxLive的网络。澎湃新闻发现，LizardSquad在Twitter上称，稍后还将曝出更多关于联想的有趣事情。“我们自由自在，自由翱翔！天堂里没有我们触摸不到的星星。”LizardSquad在一条推文中引用了歌名“breakingfree”。中国国家互联网应急中心的数据显示，去年3月19至5月18日，2077个位于美国的木马或僵尸网络控制服务器，直接控制了我国境内约118万台主机；35台位于美国的主机承载了563个针对我国境内网站的钓鱼页面。2014年8月，全球黑客云集的两场黑客大会在拉斯维加斯举行，会议前夕，美国政府曾考虑拒绝为中国与会者通过签证。同年，联想集团在美收购国际商业机器公司（IBM）x86低端服务器业务的交易受到美国政府的安全检查。“互联网世界就像当年蛮荒时代的西部，美国政府就应当成为那里的警长。”奥巴马13日在斯坦福大学演讲时以此比喻当今的互联网世界和美国政府的关系。
日本多个网站遭黑客攻击，网页中出现类似伊斯兰国旗帜的图像,2015年3月9日，“西宫观光协会”的主页遭到篡改据日本媒体报道，当地时间11日，日本北海道留寿都村的“留寿都度假村”、东京府中市的室内五人足球队“府中运动员FC”等日本全国多个企业和团体的官方主页遭到网络攻击，网页内容被篡改，出现疑似极端组织“伊斯兰国”旗帜的标识。报道称，此外，福冈市的相关团体及兵库县西宫市的“西宫观光协会”等的主页也遭到相同篡改，警方正展开调查。警察厅的分析显示，遭篡改的网站大多使用了被称为“FancyboxForWordPress”的管理软件。该软件的旧版本曾被指出存在非管理者也能改写网页的缺陷，有可能被用于不良目的。警察厅呼吁升级到最新版本。据“留寿都度假村”的运营商、札幌市旅游公司“加森观光”介绍，8日中午12点左右，该公司职员发现“海外合作机构”等多个链接页面中出现类似“伊斯兰国”旗帜的图像，上面写着“被‘伊斯兰国’网络攻击”。
加大反网络攻击力度，奥巴马发布对海内外黑客的新制裁措施,位于阿灵顿的美国国土安全部下属网络安全和通信集成中心(NCCIC)。CFP图据法新社报道，当地时间4月1日（周三），美国总统奥巴马发布一项行政命令，授权有关机构对针对美国进行网络攻击的海内外黑客“采取新的经济制裁”。奥巴马在签署要求制裁的行政命令时表示：网络威胁是对美国经济和国家安全构成最严重的挑战之一，美国政府会制定全面战略，计划推行一项综合策略来应对这些威胁。奥巴马的声明指出，制裁是针对那些“严重伤害或损害”包括银行、大公司和电力公共事业等美国重要的电脑系统，或者盗窃商业机密和敏感的公司及消费者信息的网络袭击者。奥巴马表示，他将通过外交途径、贸易政策的工具和执法方式来反击恶意网络行为带来的威胁。“美国政府有权力冻结这些网络袭击者的资产，使其更难和美国公司做生意，并限制他们从他们的错误行为中获利的能力”，他说道。在声明中，奥巴马声称，来自中国、俄罗斯和伊朗的黑客经常攻击美国目标。中国外交部发言人华春莹3月30日在回应有关问题时表示：近期似乎只要是美国或者其他哪个国家有网站受到攻击，就会有人联想是不是中方黑客所为，这很奇怪。中国是网络黑客攻击的最主要的受害者之一。我们一直强调，中方希望同国际社会一道，加快制订国际规范，共同维护好网络空间的和平、安全、开放与合作。希望各方都能以积极、建设性态度合作应对网络黑客攻击问题。此外，奥巴马还列举了影响美国经济和网络安全的几个事件，如伊朗2012年针对美国银行发起的一系列拒绝服务攻击，针对Target和家得宝公司的攻击，导致客户付款信息显著泄漏的攻击事件，以及朝鲜2014年策划对索尼的网络攻击。据悉，这项行政命令主要针对海外的威胁，但是也被允许对国内公司进行制裁，即那些窃取商业机密，破坏美国国家经济健康的个人或者团体。英国《金融时报》评论称，这项新的权力弥补了对美国执法部门构成挑战的空白，比如网络威胁的发源地国家与美国没有引渡条约，缺乏强有力的网络安全法律，或者对此类攻击视而不见。美国总统特别助理兼网络安全协调员迈克尔?丹尼尔(MichaelDaniel)表示，美国希望这项行政命令将鼓励其他国家考虑此类制裁。可能的惩罚包括冻结在美国管辖范围的资产，如银行账户，以及禁止美国公民或实体与受制裁目标进行交易。此前，美国国家情报总监办公室发布年度全球安全威胁报告称，网络安全是比恐怖主义更大的问题。该机构的评估报告将网络安全置于美国面临的最大威胁。报告称，破坏分子、间谍和小偷都在扩大他们对薄弱的美国互联网基础设施的攻击，长期不断削弱着美国的财富和安全。评估报告说，美国官员越来越担心网络攻击者试图改变或破坏关键性信息，使其可以破坏金融市场与商业信心。
美媒称俄黑客侵入白宫电脑盗奥巴马行程，被俄嘲讽“炒冷饭”,网络攻击经由世界各地的电脑桥接，使得黑客的行踪被隐藏，但调查者发现某些登记代码和印记直指为俄罗斯政府工作的黑客。美国怀疑俄罗斯黑客成功入侵白宫计算机系统并获取了包括美总统奥巴马行程在内的多重信息。据法新社4月8日报道，2014年10月，黑客利用白宫网络系统漏洞获取了包括奥巴马的实时非公开行程信息。美官员称，虽然这一信息确实并不属于机密，但其敏感度非常之高，且对境外情报机构而言非常宝贵。但俄罗斯媒体8日回应说，这则“新闻”是回炉去年10月的消息，对黑客身份只是基于猜想，毫无根据。当时，白宫表示注意到总统行政部门非机密网络上曾出现一些可疑行为。因此该系统曾被短暂关闭用以升级安保措施。FBI、联邦经济情报局当时均参与了漏洞的调查，结果是他们认为美国政府系统遭到了极为复杂的攻击。网络攻击经由世界各地的电脑桥接，使得黑客的行踪被隐藏，但调查者称发现某些登记代码和印记直指为俄罗斯政府工作的黑客。不过，美国国家安全委员会发言人史特劳（MarkStroh）并没有确认攻击是由俄罗斯主导，他仅表示“将严肃对待这一活动”。“这次网络袭击事件，我们在第一时间就进行了评估并减缓了攻击。”史特劳称，“就我们的立场而言，我们没法评论这些数据信息会对特定方起到什么作用。”美国国会和俄罗斯大使馆均未立即对此作出回应。奥巴马的副国家安全顾问罗德斯（BenRhodes）称，白宫对机密信息使用了不同的系统进行保护，这些机密信息用以保护敏感的国家安全相关文件不被黑客获取。“我相信我们的机密系统拥有足够的抵抗能力。”他说，“我们一直在对非机密系统进行安全措施升级，但我们一直被告知不要在这一系统上发布敏感信息。如果你有机要在身，不要用电子邮件系统或手机系统。你应该放到机密系统去，随时做好可能被攻击的准备。”调查人员认为，黑客如果要进入白宫系统，必须先攻入美国国务院。美国国务院电脑系统无法将黑客阻挡在外，俄罗斯黑客有能力反复进入系统。一名官员称俄罗斯黑客已经成功黑下国务院系统达数月，不过现在还不清楚黑客有没有完全从系统中退出。许多针对白宫的攻击都是由钓鱼电子邮件开始的。CNN援引一个信源称，黑客可能使用了他盗取来的国会邮件账号。国家情报委员会主席克拉珀（JamesClapper）在1月曾警告官员和私人企业教员工“反钓鱼”。克拉珀说：“很多时候，黑客只需要假装成别的人来要求进入系统，就会有人中招。”CNN称，俄罗斯近几月的凶猛入侵使得美国官员感到惊讶，这将使美国和俄罗斯在网络安全威胁上重新进行评估，而美俄在乌克兰问题、叙利亚问题上的多次交锋也可能是这次攻击的诱因。对国会和白宫系统的黑客攻击也是克拉珀在2月的参议院听证会上提出“俄罗斯网络威胁史无前例”的一大原因之一。但据俄罗斯卫星网报道，史特劳表示：“（CNN）这份报道并不是针对某一新事件――只是在猜测到底是谁对去年白宫的EOP非机密网络系统攻击进行帮助。”据新华社消息，俄罗斯“卫星”新闻通讯社在8日发表文章中，嘲讽CNN在报道中“炒冷饭”，拿旧闻当新闻报。文章称，CNN这则“最新报道”和去年10月份的几乎如出一辙，两者唯一不同是这次消息来源为“了解调查的美国官员”。而两篇报道中均未对“黑客来自俄罗斯”的说法给出切实证据。文中同时指出CNN报道自相矛盾之处。CNN称，俄罗斯黑客对美国政府机构系统发起“技术高超的攻击”，但这些技术精湛的黑客居然粗心到留下“易被察觉的痕迹和代码”，使人立马知道他们效力于俄罗斯政府。此前，前国务卿希拉里曾使用私人邮箱服务器发送邮件而招致批评。分析人士认为私人服务器可能比国家服务器更不安全。但黑客一直都将希拉里及其相关联系人作为攻击目标。2013年，黑客“古驰法（Guccifer）”入侵了希拉里顾问布鲁曼道尔（SidneyBlumenthal）的AOL邮箱，并公布了布鲁曼道尔向希拉里的私人账户发送的邮件。邮件包括敏感的对外事务政策备忘录，并第一时间将希拉里使用私人邮件服务器的问题推至风口浪尖。
胡泳：各行各业都需要一场由黑客精神推动的变革,从某种意义上来说，大家所生活的各行各业都需要一场黑客运动。CFP资料我曾经花了不少时间研究管理学问题，在管理学的领域当中，通常我们知道有一个很有名的词汇，叫“guru”。这是一个印度词汇，我们今天把它翻译成“大师”。管理学的“大师”的人物，其中有一位叫加里・哈默尔（GaryHamel）。他最有名的概念叫核心竞争力。这个词汇最早是这位先生和另外一位管理学者两个人共同提出来的。哈默尔目前在做一个很有意思的东西：管理创新交换所，要做“黑客管理”（hackmanagement），就是怎么对管理进行黑客的突破。哈默尔认为，我们现在处于一个大挑战的时代，为了应对这个世界，需要不合常规的庞大想法。突破性的思维不能够依靠管理大师来生产，你只能调动“管理黑客”，他把黑客的含义引入到管理思维、管理创新当中。黑客具有两面性，有人认为它是建设性的，有人认为它是破坏性的。有人坚持认为，不能够把破坏性的那种人叫做黑客，要区分“白帽黑客”和“黑帽黑客”。其实建设者和破坏者往往是一个硬币的两面，很多时候，你破坏现有的秩序恰好是建设下一步的必要前提。黑客的起源其实跟IBM有巨大的关系，在那个年代，关于IBM有句话是：“它不是竞争，它是环境”。因为在计算机领域当中，大家唯IBM马首是瞻。那时计算机是一种必须经过训练才能够接触、才能够进入的机器。那时在人们的想象中，凡是能够接触计算机的人，都训练有素，穿着白大褂在一尘不染的实验室里头进行工作，这是一种非常典型的精英风格。计算机从IBM的深宅大院里来到我们每一个普通人的书桌上，在这个过程当中，如果没有那些计算机界的疯子是不会实现的。这些人通常并不在实验室里工作，他们在车库、仓房、地下室，在所有那些完全不起眼的地方工作。这些人最终摧毁了IBM这样一个巨大的信息集中营。当然这里面最有名的两个代表就是苹果电脑的两个创始人，乔布斯跟史蒂夫・沃兹尼亚克。这些人所主张的境界是，计算机应跟摇滚、跟迷幻药具有同等性质：我们怎么能够获得自由，打破工业社会给我们所有人强加的清规戒律。六十年代反文化潮流风起云涌时留下了很多遗产，但是其中最重要的一个遗产，可能是这帮反文化人士在计算机领域给我们留下的，最后深刻地改变了全球人类的生活。但是乔布斯最后并不以黑客知名的，而以商人而闻名全世界的。他影响世界不是通过他的黑客精神，而是通过他发布的各种产品，颠覆了我们在这个世界里生活、工作、玩耍的方式方法。商人一定会来到能产生金钱的地方，黑客纯粹性的瓦解是必然的事情。但它不会是一个全盘的瓦解，个人计算机革命的缔造者们，后来深刻影响了软件业。首先从组织角度来讲最有名的一个比喻，是把传统管理与软件项目管理之间的关系，比喻成大教堂跟集市之间的差别。在一个相对稳定的、低能量的世界当中，如果你要构筑一个东西，应该像建一个教堂一样，层层构建，需要严密的管理体系和封闭的组织结构。学软件的人应该都念过一本书，是“IBM360系y之父”佛瑞德・布鲁克斯所著的经典文集《人月神话：软件项目管理之道》。其中说，在软件开发项目当中，项目如果已经延迟了，你再增加人手，这个项目不是会更快的完成，而是一定会更加延迟，这就叫“布鲁克斯定律”，他形象地比喻说，一个妇女生产需要九月怀胎，但加到九个妇女，孩子也不能一个月生产。《大教堂与集市》的作者，“开源三杰”之一，埃里克・斯蒂芬・雷蒙德认为，由于一个软件项目的规模与复杂性，想控制它不失控的话，其管理模式不是大教堂模式，而一定是集市模式。这种集市模式的特点是什么？是并行的、点对点的多人协同开发。它的管理结构扁平、很多人甚至是志愿者，没有强制的契约关系，来去自由。集市模式的前提是开放源代码，其中最著名的例子就是Linux操作系统。它的故事已经太耳熟能详了，我们在谈论所有美好的词汇，不管是自组织、开放式创新、自协调，都不可避免地要引用到这个例子。从这个意义上说，“集市模式”其实是黑客自由精神在广义上的胜利。Linux的运行状况像一个自由的市场，由无数利己主义的个体组成，当然其中也有很多利他主义的成分。系统中每个个体追求自身效用的最大化，在其共生的过程中，能够自然建立起一种具备自我纠错能力的秩序，而这种秩序最终会决定性地压倒大教堂模式。在组织问题上我们做一个“教堂模式”的推论：软件开发的“教堂模式”跟企业的运行方式是高度一致的。你有森严的开发等级，你要确立一个目标，然后你进行资源的调配，要控制整个的进度，处理掉所有的Bug，这里还有人力、物力各种资源条件的限制……所有这些东西都在假设我们生活在一个资源匮乏的阶段，资源不能够最大限度的共享，因此我们必须通过一种等级式的结构把这个资源用在刀刃上，才能得到最佳的应用。所以这个是我说到的软件开发当中的强力管理跟企业管理之间的同源性，他是同构的。我刚才说到布鲁克斯定律，我们会想到，在软件行业当中，还有另外一个很有名的定律，这个定律叫做康威定律。康威定律说得很简单，他说“系统的结构取决于产品开发团队的结构”――这个产品开发团队长什么样，最后他开发出来的东西就长什么样。换句话讲，我们可以说，其实这个结构在很大程度上你又可以进一步缩减为叫做沟通结构。如果你的沟通结构不佳，你最后的系统结构是不佳的，我们可以推断，你最后生产出来的软件产品结构也是不佳的。这种情况向我们提出来一个问题：如何把黑客精神应用到管理学上？你怎么解决一个传统的组织类型，在面对互联网这种点对点的、分布式的、消除冗余的庞大网络型组织结构时产生的问题？正如管理学大师哈默尔所说，我们需要对管理学展开一场黑客运动――企业管理是不是能够像软件业那样快速迭代，能不能超越布鲁克斯定律？企业组织能不能够容忍“管理黑客”们因对组织生活的挫折感和混乱感，而奋起要对这个系统进行敲打？能不能让旧日的管理脱胎换骨，让有灵感的思想家和激进的实干家能够找到对于过去的官僚制、层级制、中心制的替代方法？我觉得这是今天的管理学的最大的一个挑战。从某种意义上来说，大家所生活的各行各业都需要一场黑客运动。当下世界处于混乱之中，如果没有“不合常规的庞大想法”，你可能就走不出困境。举一个最简单的例子，我本人多年做新闻传播，这两年对新闻传播业最有影响的人其实跟新闻传播没有什么关系――第一个人叫做阿桑奇，他创立维基解密，对于新闻机构提出了巨大的挑战；第二个人叫做斯诺登，影响了全世界传播格局的再思考和再谈判。这是任何人都想象不到的事儿，两个黑客以一种匪夷所思的方式，影响到了传媒业。（本文由2015年3月22日胡泳在“离线空间・02|Hello黑客！”活动上所做的演讲整理而成，该活动由百度手机卫士赞助、《离线》杂志主办）
17岁的少年黑客，掌握19万个银行账户的14.98亿资金,利用从网络泄密数据库中所掌握的用户数据，阿叶成功破译了19万个银行账户资料。东方IC资料2015年4月16日，在广州市越秀区法院206号法庭内，一个稚嫩的身影坐在被告人席上。他将头转向旁听席，没有看到家人，神情失落。他就是公安部“海燕3号”专案的主犯阿叶(化名)。2013年7月以来，全国各地数家商业银行连续发生多起银行卡被莫名盗刷的案件，涉案客户近千名，案发地点跨越全国9个省区14个市，引起广泛的社会影响。公安部将此案定为“海燕3号”专案，由广东省挂牌督办。2014年5月到9月，该案犯罪嫌疑人相继落网。令人吃惊的是，制造这起特大信用卡诈骗案的主犯，竟然是个未成年的孩子。这名当时只有17岁的“少年黑客”，利用从网络泄密数据库中所掌握的用户数据，成功破译了19万个银行账户资料，可提现金额近15亿。他是天才少年，小学三年级就能破解电脑开机密码阿叶很小的时候，父母就离异了。父亲回贵州老家打工，阿叶随母亲住在外公外婆家。记忆中，阿叶只见过父亲两次。后来母亲改嫁，也离开了，他就跟外公外婆一起生活。外婆常年瘫痪在床，家里全靠年迈体弱的外公支撑，过得很清苦。上初中后，阿叶白天上学，晚上跑去网吧兼职看场，在那里自学了计算机操作技术。2009年，阿叶初中毕业留在网吧工作，有时也去酒吧兼职服务生。几个月后，他用打工积攒的钱购置了一台属于自己的电脑。买电脑，是因为听人说上网可以赚钱。没想到一进入网络世界，阿叶便不能自拔。出于对计算机技术的喜好，仅有初中文化的阿叶硬是迷上了编程，希望掌握一技之长，将来自己开个网吧。在计算机相当普及的当下，很多年轻人都偏向于对应用软件操作的掌握，能够潜下心来研究编程技术的并不多。阿叶则不同，他觉得玩电脑，编程是基础。有人见他对编程技术如此感兴趣，就说“你好好学说不定能当黑客”。在网上的一个黑客交流群里，阿叶发现了更多乐趣，结交了一些朋友。在他看来，做黑客很了不起，比电脑游戏好玩多了。阿叶自学黑客技术，很快就学会盗取他人的QQ号，以每个号码几十块钱的价格出售，在网上赚到第一桶金。但他并不知道这是黑金，后来他告诉办案检察官:“我其实主要不是为赚钱，而是觉得这是个有难度的事情，能够证明我的技术，让我很有成就感。”这个小学三年级就能破解电脑开机密码的天才少年，凭着自己的天赋学习黑客技术，走上一条网络迷途。他是超级黑客，获取银行账户信息盗刷208张信用卡黑客圈子里讨论最多的就是如何利用技术来赚钱，比如盗取QQ号，破解银行卡密码等等。在网络论坛上，黑客们乐于相互交流发现的网站漏洞，破解其中的技术难题不仅能满足“技术控”的挑战欲，有时还能带来不菲的经济利益。交流中，阿叶敏锐地捕捉到一条信息。他听说某银行大约有70%的客户，其网银登录密码与取款密码及日常使用的邮箱密码一致，只要将他人的信息资料加以整合，就有可能提取到别人的银行“四大件”(身份证号、银行卡账号、密码和手机号)，从而在别人卡不离身的情况下实现随意盗刷。于是，阿叶先是通过某招聘网站的漏洞，用自编程序抓取了约60万条公民个人身份信息，再将这些信息导入自己编写的批量登录程序中，碰撞出取款密码与网银登录密码、邮箱密码一致的账户信息，从而使19万个银行账户的14.98亿资金轻松落入其掌控之中。为了将这些账户信息套现，阿叶在网上联系了网名为“鳄鱼”“Q东网络”“哥哥疯了”“木鱼”“财神票票”等不同的下线，将自己掌握的账户信息提供给这些人用于购买游戏点卡、Q币、机票，充值手机话费，代缴水电费和信用卡还款，再将套取出的现金与这些人平分。有时，他还直接将掌握的账户信息卖给他人。2014年5月，公安机关接到多家商业银行报案：“我行系统监控发现异常的WAP手机银行开户页面访问，高峰为一日168万次，但当天实际开户数量仅719次”“我行从凌晨0时到2时，系统监控发现WAP手机银行快捷查询功能有异常访问量”……经过技术侦查，2014年5月8日，公安机关在广西壮族自治区河池市某宾馆房间内将阿叶抓获。2015年3月20日，广州市越秀区检察院以信用卡诈骗罪对阿叶移送起诉。4月16日，该案开庭审理。公诉人指控阿叶自2013年4月开始至案发时止，与同案犯先后盗刷信用卡208张，造成损失共计人民币42万余元。对公诉人的指控，阿叶表示没有异议。他是迷途羔羊，经检察官多举措帮教导引回正途“检察官，能不能帮我一个忙，我实在太喜欢计算机了，很想在改造的这段日子里多学点编程知识，您能帮我向家人转达这个愿望或者借一些JAVA编程的书籍给我吗?”在看守所，阿叶依然透露出对学习新知识的强烈渴望。对这名特殊的“天才少年”，越秀区检察院高度重视，携手心理辅导老师、专职司法社工几度走进看守所，对阿叶进行亲情感化和心理辅导矫治工作。驻所检察室给阿叶送去他喜爱的计算机书籍。心理辅导老师和司法社工让阿叶画一幅自画像，了解其性格特征及思想变化，采用心理暗示法对其进行疏导减压、心理矫正，让阿叶重新认识自己，并与其制定了包括情绪自我管理、原生家庭、亲密关系、人生规划等内容的心理矫治计划。“他兴趣广泛，喜欢接触新鲜事物，如果能走上正途，会有很大的发展潜力。”心理辅导老师在对阿叶做完心理测试后如是说。事实上，对于这些既有较高天赋又有强烈学习精神的“少年黑客”来说，做“黑客”并不单纯是为了赚钱，更重要的是对他们网络技术的磨砺和检验，是他们对成人世界既定秩序的好奇和挑战，如果社会能为他们的好胜心和表现欲提供一个健康的出口，完全可以将“黑客”变成“红客”，成为网络安全的守护者。例如美国政府允许黑客们每年举办“世界黑客大会”，让他们有一个合理合法的途径去展示自己的精湛技艺；澳大利亚政府派人长期潜伏在黑客论坛里，劝导有犯罪倾向的青少年及时“改邪归正”，并鼓励他们加入当局成为打击网络犯罪的有生力量；印度国家软件和服务公司协会为了对付发生在虚拟世界的犯罪活动，专门从黑客当中招募一批“童子军”组成网络警察部队，以网络顾问的身份向在建立反黑客“防火墙”方面需要帮助的软件公司提供技术支持。“我很后悔，做黑客游走在法律边缘，一不小心就会触犯法律的底线，付出的代价是惨痛的。年轻人选对道路很重要，应该把掌握的‘黑客’技术用在正道上，不要去做违法的事情。我想好好改造，争取减轻处罚，出去后当一名网络‘红客’，发现漏洞及时提交给网站，建议或者帮助网站进行修复，成为网络安全方面的守护者，用自己的专业技能为社会做一些贡献。”经过感化教育，阿叶向检察官表达了这样的愿望。“幸亏作案时他是个未满18岁的少年，对社会造成的危害还很有限，否则后果实在不堪设想。”经办检察官李丽丹认为，法律的真正目的并不在于惩罚，为涉罪的未成年人烹饪一道加速改造的心灵鸡汤，在严格公正司法的同时传递法律的温情，让这些“迷途羔羊”迷途知返，或许才是法律工作者更加重要的职责所在。
18岁黑客掌握19万张银行卡，用电邮攻破招聘网盗取信息,公安部近期公布了防范经济犯罪10大典型案例。这10起案件涉及非法集资、信用卡诈骗、造假等多个经济犯罪类型。澎湃新闻（www.thepaper.cn）摘选了部分典型案例，给广大读者提防经济类犯罪侵害提供借鉴。一、黑客叶某网上盗刷银行卡案2013年7月，多家商业银行连续发生银行卡被网上盗刷案件，涉案客户近千名，涉及中国多个省市，引起广泛社会影响。公安机关经深入排查，一个以叶某为首的特大黑客网络攻击盗刷银行卡犯罪团伙浮出水面，该犯罪网络分为三个部分：一是叶某自编多个黑客软件，先从各大网站窃取用户电子邮箱和登陆密码，并自动筛选密码为6位数字的邮箱（银行登录密码和取款密码一般为6位数字）；又用黑客技术攻击某招聘网站，窃取与前述邮箱所对应的用户姓名、身份证号、手机号码信息；再在各商业银行网银或手机银行登陆界面，用前述信息进行批量碰撞登陆，登陆成功的即自动提取帐号、余额等信息，从而完成了对银行卡信息“四大件”（帐号、身份证号、手机号、登录密码）的收集。二是网上中介人员层层转卖叶某窃取的大量银行卡信息。三是不法分子在互联网上寻找银行网上支付、第三方快捷支付等支付漏洞，行内称“通道”，用叶某窃取的银行卡信息在网上大肆盗刷或转账牟利。2014年5月，广东省公安厅经侦总队组织抓捕行动，抓获叶某（18岁，记者注）、谭某等11名犯罪嫌疑人，缴获用于作案的电脑11台、POS机13台及大批涉案物品。在主犯叶某的电脑中查获160万条公民个人信息和银行卡账号，其中“四大件”齐全可以直接网上盗刷的银行卡信息19万条，涉案金额14.98亿余元。另外查获8个使用“易语言”编写的批处理软件和手机木马黑客软件。该系列案件犯罪手法新颖，所有作案过程均在互联网上完成，对金融秩序、银行卡安全造成较大危害。公安机关提示广大群众：生活中一定要注意保护个人信息；网银密码或手机银行密码等重要信息，应与电子邮箱密码等常用信息区别设置，防止给不法分子以可乘之机。二、九州源公司“黑股票”案2013年底，深圳证监局向深圳市公安局经侦支队移交线索称：位于深圳前海的深圳九州源矿业投资股份有限公司，未经证监部门批准，致电投资者，以“公司三年内在加拿大多伦多交易所上市”为名出售原始股，涉嫌擅自发行股票犯罪。经侦支队立即组织侦查，并于2014年6月12日抓获张某州、池某艳等主要犯罪嫌疑人，扣押公司宣传资料等书证物证一大批。经查，张某洲等人于2013年5月在深圳前海通过虚假出资注册成立深圳九州源矿业投资股份有限公司，成立后通过电话联系投资者、组织召开上市说明会进行公开、虚假、夸大宣传，以公司三年内在加拿大多伦多交易所上市为名，以股权投资可获高额回报为诱饵，以3.8元或1元每股的价格出售公司原始股，被骗投资者50多人，涉案金额460多万元。为更快更多地获利，张某洲等人又成立长白森、福运恒珠宝两家子公司，从事传销、非法吸收公众存款违法犯罪活动，由于被及时查处，被骗人数及金额较少。2014年9月，该案移送检察机关审查起诉。公安机关提示广大投资者，一定要增强风险意识，在合法的证券经营场所和机构依法认购和转让股票，警惕各类非法证券活动，自觉抵制“高额回报”的诱惑，不要相信会有“天上掉馅饼”的好事，避免上当受骗。如果股票发行或转让采取了广告、发布会等方式大肆“招揽生意”，就要注意其是否已经证监会核准，是否属于非法发行的“黑股票”。投资过程中遇到不明问题，应及时向当地证监部门咨询。三、方某等人“加盟代理”合同诈骗案2012年，安徽省合肥市公安局经侦支队侦破方某等人利用“加盟代理”为幌子进行的合同诈骗犯罪案件，期间发现同类案件较多，于是开展集中打击行动。先后打掉从事此类诈骗活动的公司17家，逮捕犯罪嫌疑人19名，受害人共计400多名，遍布全国23个省（市、自治区），涉案金额1530万元。至2014年12月，该系列案件全部审结，各被告人被以合同诈骗罪判处1至14年不等的有期徒刑。这些不法分子的大致作案流程为：（一）借用他人身份证，通过代办公司代办，到工商部门注册成立多家公司。（二）以本公司开展特许经营招收区域加盟代理商销售产品为名，发布虚假广告，虚假宣传公司实力，夸大产品功效；并按照从网上购买的客户资料，打电话向客户介绍公司并推销公司产品，邀请客户参加产品推介会。（三）骗取客户信任后，诱使其与公司签订区域加盟代理合同，成为“加盟商”；再将从别处低价购买的产品，改换名称和包装，加高价销售给加盟商；等到加盟商发现被骗要求退货时，就将公司关闭、注销，逃避责任。（四）再成立一家新公司，并更换产品名称及包装，防止原公司加盟商找到他们，采取上述手段继续骗钱。办案民警提示有投资“加盟代理”意向的群众，选择合作伙伴时，要仔细考察对方公司及所代理销售的产品及服务，切莫轻信所谓“国际一线品牌”、“市场前景广阔”等虚假宣传，不要轻易缴纳高额“保证金”或购买大批产品，以免上当受骗。四、邓某等人“P2P”非法集资案2013年5月至11月，邓某等人打着“P2P网络借贷”（即个体与个体间通过互联网实现的直接借贷）的幌子，以高额回报为诱饵，通过与群众签订所谓“电子借款协议”的方式，向1300余人非法集资1.2亿余元，造成经济损失5000余万元。2014年7月，深圳市罗湖区人民法院判处邓某有期徒刑三年。邓某等人主要犯罪手法为：一是设立互联网平台，公开宣传高息返利。他们在互联网建立“东方创投”P2P网贷平台，公开宣传“本息保障”、“资金安全”、“账户安全”，承诺给投资人月息3.1%至4.0%不等的高额利息，通过互联网宣传、电话联系及投资人相互介绍等形式，吸引各地客户在其网络平台进行投资。二是虚构借款项目融资，资金自融自用。邓某虚构短期拆借、房产及车辆抵押等借款项目，将伪造的抵押合同上传至网络平台供客户选择；并以保护借款人隐私为由，隐去借款人真实身份，使投资人难以了解真实情况。所募资金均由投资人直接转款至邓某私人银行或第三方支付平台账号，被邓某擅自更改用途，用于购买商铺及支付前期投资者本息。公安机关提醒广大群众，网络借贷领域鱼龙混杂，一些不法分子打着“P2P”幌子从事非法集资活动，投资者一定要提高警惕，千万不要被一些时髦概念所蒙蔽。那些缺乏实际经营内容、靠“拆东墙补西墙”维持的资金骗局，迟早要崩盘，最终受损失的还是广大投资者。
中俄签“互不黑客攻击”协定，美媒称这是要推翻美国网络霸权,专家表示，美国“担忧被中俄针对”实际上是“心里有鬼”的表现。中国国家主席习近平上周在访俄期间达成的一系列合作中，一项网络安全合作引起了美国的注意。这份合作指的是中俄外长签署的《中华人民共和国政府和俄罗斯联邦政府关于在保障国际信息安全领域合作协定》（下称《网络协定》）。美媒称这是首个双边“不进行黑客攻击”的条例，但更多的是为了“展示中俄推翻美国在网络技术领域霸权的意图”。根据俄罗斯政府网站发布的《网络协定》的俄文文本，双方提到不会互相对对方的网络进行攻击，并同意共同应对可能“破坏国内政治和经济社会稳定”、“扰乱公共秩序”或“干涉国家内政”的技术。中俄同意交换执法部门的信息和技术，并确保信息基础设施的安全。复旦大学国际政治系副教授沈逸告诉澎湃新闻（www.thepaper.cn），中俄《网络协定》可以说是由上合组织“网络空间行为准则”一步一步演进而来。这意味着中国正式在国家战略上进入了网络时代。但是，这并不意味中俄两国故意要针对美国。专家：这不是针对美国，而是被美国逼的中俄等国曾于2011年9月向第66届联大提交“信息安全国际行为准则”，引起国际社会广泛关注，推动了信息和网络空间国际规则制定进程。近年来，信息和网络安全问题受到国际社会普遍关注，网上公民隐私和国家主权受到大规模侵犯，制订相关国际规则、规范信息和网络空间行为的国际呼声日益高涨。中俄及上合组织常驻联合国代表今年1月9日曾联名致函联合国秘书长潘基文，请其将“信息安全国际行为准则”更新草案作为联大正式文件散发，呼吁各国在联合国框架内就此展开进一步讨论，尽早就规范各国在信息和网络空间行为的国际准则和规则达成共识。“美国新闻与世界报道”援引网络安全专家路易斯（JamesLewis）的观点称，俄罗斯和中国在试图建立一种区别于美国的网络秩序。俄罗斯在因乌克兰问题受到西方冷落后，与中国关系日渐亲密。路易斯称中国“乐意奉陪”的原因是，中国不会有任何损失，同时，中俄认为双方的合作能不断扩大他们在世界层面的影响力。中俄的网络协定“不代表中俄关系有多么的好，但凸显的是他们有多讨厌美国”。路易斯说。“这一观点只说对了一半。”沈逸告诉澎湃新闻，“中国和俄罗斯不是刻意要针对美国，而是美国刻意针对中国和俄罗斯进行打压，迫使两国逐渐认识到战略合作的重要性。”沈逸称，联合国本身就一直在讨论建立网络空间的新秩序，让全球网络空间变成有利于国家发展的平台。相反，对美国而言，其战略是维护由自身主导的现有网络秩序。因此，在这一前提下，沈逸说，美国“担忧被中俄针对”实际上是“心里有鬼”的表现。新美国智库国家安全项目与技术总监菲茨杰拉德说：“这一技术联盟显示，两国认为他们虽然不能开发国际技术，但能够充分利用它，并在它对自身经济或政治造成威胁时将其阻断。”美国国家情报总监克拉珀（JamesClapper）2015年年初曾将中俄列为美国最大的网络威胁，称中国对美公司的经济间谍行为影响很大。而许多从美国公司窃取商业机密的网络攻击被单方面认为是由中俄发起的。中方曾对此做出过严正回应。美军曾打算建立技术专家库，此举凸显了网络安全的重要性，同时也表明网络已经成为了新一代的战场。而美国国家安全局长罗格斯说，在当前情报机构的定位技术越来越高明的情况下，对美国发动网络攻击的国家可能需要做出现实层面的回应。尽管对于网络威胁作为战争导火索的国际惯例还在规划当中，罗格斯说，但“就事论事”，如果对北约进行的网络攻击造成了真正的损害，例如造成了医院断电的情况，北约将可能对造成攻击的国家发动进攻。沈逸认为，这一论断也恰恰证明，中俄的网络合作并不是由于乌克兰问题而催生。美国的这一“就事论事”的标准实际上对中俄甚至世界其他国家都产生了威胁。对美国科技企业产生影响？“美国新闻与世界报道”分析称，《网络协定》可能会对硅谷的公司产生影响，比如苹果和脸书。这些公司正努力和中国加强联系并试图吸引中国逐渐壮大的“中产阶层”市场。中国与俄罗斯的协定暗示两国将会继续与美国技术保持距离。中俄两国都担心美国的软件会被用作国安局的监控工具，因而减少了对美技术贸易的交流，同时这也间接帮助了本土产业减少竞争。报道称，中俄两国的协定还提到了“维护两国共同利益”。两国都在开发网络监管技术，已在建设网络的“国际管理体系”。这意味着中俄将继续向联合国联合国呼吁，放宽政府监管网络通信的权限，而这是美国和西方所反对的。中国外交部发言人洪磊2月曾就美国政府网络安全顾问称中国正在破坏网络环境开放度一事进行回应。洪磊称：“有关言论毫无道理。中国的网络是开放的，中国互联网为中国公民依法享有知情权、参与权、表达权、监督权提供了极大的便利条件和直接渠道。中方也主张促进网络空间互联互通。同时，中方认为，各国都有权依法管理网络，各国的网络主权应得到尊重和维护。”事实上，美国中央情报局前雇员斯诺登2013年“棱镜门”事件发生后，其披露曝光的大量事实表明，美国政府和其相关部门长期以来对包括中国在内的很多外国政要、个人和企业进行了大规模、有组织的网络窃密和监听监控活动。美国众议院14日刚刚通过《美国自由法案》，该法案已获白宫支持，还未获得国会通过成为法律。《法案》禁止国家安全局大规模收集美国民众电话通讯记录，这包括电话号码、通电话的时间和交谈长短、还有电子邮件和网络地址。但国安局有权按个别情况向电话公司获取电话通讯数据。国安局监控行为所根据的《美国爱国者法案》第215条，“从未被解读为授权当局进行大规模的全面搜集国内通联记录”。今年6月1日，第215条将到期。在仅有的3个星期里，国会议员必须就延续、修改或取消该规定做最后决断。
独家|持续3年攻击中国，境外国家级黑客组织“海莲花”曝光,澎湃新闻独家获悉，中国网络安全公司360旗下的“天眼”实验室将发布报告，首次披露一起针对中国的国家级黑客攻击细节。该境外黑客组织被命名为“海莲花（OceanLotus）”，自2012年4月起，“海莲花”针对中国的海事机构、海域建设部门、科研院所和航运企业，展开了精密组织的网络攻击，很明显是一个有国外政府支持的APT（高级持续性威胁）行动。以“新疆暴恐”诱人中招“海莲花”使用木马病毒攻陷、控制政府人员、外包商、行业专家等目标人群的电脑，意图获取受害者电脑中的机密资料，截获受害电脑与外界传递的情报，甚至操纵该电脑自动发送相关情报，从而达到掌握中方动向的目的。据“天眼”实验室分析，海莲花攻击的主要方式有“鱼叉攻击”和“水坑攻击”。“鱼叉攻击”最常见的做法是，将木马程序作为电子邮件的附件，并起上一个极具诱惑力的名称，发送给目标电脑，诱使受害者打开附件，从而感染木马。如，在去年5月22日新疆发生了致死31人的暴力恐怖性事件之后，5月28日，该黑客组织曾发送名为“新疆暴恐事件最新通报”的电子邮件及附件，引诱目标人群“中招”。该组织曾发送过的电邮名称还包括“公务员工资收入改革方案”等一系列社会高度关注的热点，令人防不胜防。“水坑攻击”，顾名思义，是在受害者必经之路设置了一个“水坑（陷阱）”。最常见的做法是，黑客分析攻击目标的上网活动规律，寻找攻击目标经常访问的网站的弱点，先将此网站“攻破”并植入攻击代码，一旦攻击目标访问该网站就会“中招”。曾经发生过这样的案例，黑客攻陷了某单位的内网，将内网上一个要求全体职工下载的表格偷偷换成了木马程序，这样，所有按要求下载这一表格的人都会被植入木马程序，向黑客发送涉密资料。京津两地感染人数最多“海莲花”组织在攻击中还配合了多种“社会工程学”的手段，以求加大攻击效果。比如，在进行“鱼叉攻击”时，黑客会主要选择周一和周五，因为这两个时间人们与外界的沟通比较密切，是在网络上传递信息的高峰期。而“水坑攻击”的时间则一般选在周一和周二的时间，因为这个时候一般是单位发布通知、要求职工登录内网的时候。目前已经捕获的与“海莲花”相关的第一个特种木马程序出现在2012年4月，当时，首次发现第一波针对海运港口交通行业的“水坑”攻击，海莲花组织的渗透攻击就此开始。不过，在此后的2年内，“海莲花”的攻击并不活跃。直到2014年2月，海莲花开始对中国国内目标发送定向的“鱼叉”攻击，海莲花进入活跃期，并在此后的14个月中对我国多个目标发动了不间断的持续攻击。2014年5月，海莲花对国内某权威海洋研究机构发动大规模鱼叉攻击，并形成了过去14个月中鱼叉攻击的最高峰。海莲花特种木马感染量历史分布。“天眼”实验室表示，其已捕获与海莲花组织有关的4种不同形态的特种木马程序样本100余个，感染者遍布中国29个省级行政区和境外的36个国家。其中，中国的感染者占全球92.3%，而在境内感染者中，北京地区最多，占22.7%，天津次之，为15.5%。为了隐蔽行踪，海莲花组织还先后在至少6个国家注册了服务器域名35个，相关服务器IP地址19个，分布在全球13个以上的不同国家。海莲花特种木马感染者地域分布。大数据技术揭开“海莲花”面纱“天眼”实验室向记者介绍，事实上，“海莲花”的攻击早已被他们捕捉到，但之前只是零散的发现，直到去年起，360成立“天眼”实验室，利用大数据技术进行未知威胁检测，才首次发现了这些散见威胁之间的联系，一个国家级黑客攻击行为的轮廓才逐渐清晰。虽然发现了海莲花的攻击轨迹，但如何确定这不是一起普通的商业黑客行为，而是由某个敌对国家支持的呢？面对记者的这一疑问，“天眼”实验室表示，首先，这种有组织、有计划的长期攻击行为需要很高的投入，不是一般商业公司能够负担的；其次，“海莲花”觊觎的资料对商业机构没有什么价值。“综合来看，海莲花组织的攻击周期之长（持续3年以上）、攻击目标之明确、攻击技术之复杂、社工手段之精准，都说明该组织绝非一般的民间黑客组织，而是具有国外政府支持的、高度组织化、专业化的国家级黑客组织。”网络间谍行为将越来越多近年来，各国围绕着“网络空间”的攻防战愈演愈烈，所谓的APT攻击（高级持续性威胁）这一常用的网络攻击手段，从业内人的术语开始为普通人所知。世界知名网络安全公司Fireeye(火眼）在数年前发布了世界上第一个APT攻击报告APTOne，此后开始持续发布类似网络威胁。其他知名网络安全厂商如卡巴斯基等，也有自己的APT安全报告。2014年7月美国媒体曾报道称，中国黑客曾在当年3月侵入美国政府电脑系统，中国外交部发言人就此回应强调，中方坚决反对网络黑客攻击行动，在这方面，中方说到做到。“美国一些媒体和网络安全公司经常抹黑中国，制造所谓中国网络威胁，他们根本拿不出充分的证据。”军事专家宋忠平对澎湃新闻说，中国是网络攻击的最大受害国，这是不争的事实，科研院所、高校等单位是“重灾区”。中国也很重视网络安全，注意在政府部门等关键场所的局域网的保护，不过，最要加强管理的还是人，必须加强对涉密人员的教育，让他们知道，作为个别人，他们掌握的部分信息可能并不重要，但却是重大机密的一部分，如果被人获取、整合，就可能造成重大损失。宋忠平表示，美国2010年已经建立了网络战司令部，在今天的信息社会，谁能控制“信息流”，谁就能掌握战争的先机，甚至能左右战争的进程。随着我们日常生活“信息化”程度的加深，越来越多的信息实现数据化，能够在网络上传输，这也为网络间谍行为提供了机会。此次的网络攻击从2014年开始进入活跃期，就是与中国对网络依赖度加深有关，以往的间谍行为主要通过人工实现，现在由于很多信息可以通过网络获取，网络间谍行为越来越多，这将是一个趋势。
美政府声称遭中国黑客入侵，中方回应：不科学也不负责任！,日前，美国联邦人事管理办公室（OPM）表示，有400万名美国联邦雇员个人信息遭黑客窃取。美方政府官员宣称，上述网络攻击来自中国。对此，中国外交部发言人洪磊6月5日在例行记者会上回应称，这是不科学的，也是不负责任的。洪磊表示，类似的报道、类似的言论，近期我们看得比较多了，但是它科学吗？网络黑客攻击具有匿名性、跨国性、溯源难的特点，不经过深入的调查研究，总是说“可能是”、“莫须有”，这是不科学的，也是不负责任的。洪磊再次强调了中方一贯的立场，他表示，中方坚决打击一切形式的网络黑客攻击行动。中国自己也是网络黑客攻击的受害者，在这一领域，我们愿意开展国际合作，共建和平、安全、开放、合作的网络空间。我们希望美方不要疑心重重，捕风捉影，而是在这一领域更多展现信任和合作。
美情报总监称黑客攻击“中国嫌疑大水平高”，中方促尊重事实,中美战略与经济对话刚刚落幕，美国就又拿网络攻击问题说事。据《华尔街日报》6月25日报道，美国国家情报局局长克拉珀(JamesClapper)认定中国就是发动网络袭击窃取美国政府人事资料的最大嫌疑人。他说：“某种程度上，必须佩服中国人的水平。”克拉珀指出，入侵政府的网络系统，其难度非常大。然而，美国国家安全局局长罗杰斯（MichaelRogers）24日表示，美国人事管理部大量雇员的个人档案遭黑客盗窃，不能想当然地认为是中国黑客袭击了人事部的数据库。他拒绝透露美国情报部门的调查对象，仅仅说这是一个正在进行的过程。就在23-24日举行的中美战略对话上，关于网络问题，中方表示，中国政府坚决反对并打击任何形式的网络黑客行为，愿在相互尊重、平等互利基础上就网络安全问题与美方开展合作。希望美方尊重事实，与中方相向而行，推进两国网络关系的改善。工作人员在美国阿灵顿的国土安全部下属网络安全和通信集成中心(NCCIC)内的工作站内。CFP资料图美国政府内部说法不一克拉珀也是美国政府首位明确指出此次黑客袭击案件嫌疑人的高官。此前，华盛顿曾隐晦暗示中国可能是此案的幕后牵线人，中国方面已多次对这种猜测予以否认。美国人事管理办公室（OPM）6月初确认，黑客攻击导致420万美国现任和前任雇员的人事记录外泄。也有媒体报道说，多达1800万美国人的人事纪录机密不保。克拉珀是在日前的一次情报机构会议上作出上述表态的。《华尔街日报》报道援引克拉珀在会议上的话说：“考虑到这一黑客攻击的难度，你不得不在某种程度上要佩服中国人。”克拉珀说，除非美国政策制订者着手解决“缺乏安全保障”的问题，美国政府和公司将继续成为攻击目标。报道称，美国如果不威胁对黑客攻击做出反应，意味着华盛顿将只能处于守势。路透社的报道称，克拉珀的上述言论和奥巴马政府官员通常私下批评中国、避免公开直接指责北京的方式拉开了距离。克拉珀的办公室也通报称，克拉珀清楚地指出中国是此案的首要嫌疑人。目前，美国政府的调查工作还在进行中。不过，对于此次黑客事件袭击者的认定，美国政府内部也存在分歧。美国国家安全局局长罗杰斯24日在华盛顿举行的地理空间情报研讨会上说，美国人事管理部大量雇员的个人档案遭黑客盗窃，凸显了网络攻击的危险性，但不能想当然地认为是中国黑客袭击了人事部的数据库。罗杰斯说，人事管理部遭黑客攻击是当前全球网络环境面临日益增长的危险的典型事例，它“再次提醒我们，不管是政府还是私人企业，在我们生活的这个世界，数据作为一种商品，价格不断看涨。各种各样的人、机构，以及国家都试图获取这些数据，无论这些数据保存在美国政府、私人机构，还是公民自己家里。因此，我们必须时刻保卫我们的网络和我们的数据。”中方促美尊重事实针对美国对中国的指责，中国国务委员杨洁篪24日敦促美国要“尊重事实”。他表示，中美等国应共同合作，制定网络信息共享的国际行为准则协议，中国对黑客攻击行为采取严厉制裁措施，中国将坦诚地与美国和其他国家一道妥善解决相关问题。而中国外交部长王毅日前在接受美国《洛杉矶时报》采访时指出，“我很怀疑这样的指责能不能站得住脚。在互联网时代，想要在全世界营造一个健康、稳定、开放和公平的网络空间，需要的是合作和互谅。我们不该无负责任地指责对方。”王毅表示，中国政府的立场非常明确：中国政府反对任何形式的黑客以及窃取商业秘密的行为。这是中国政府的基本政策，有非常严格的规定。“实际上，中国也饱受黑客攻击的苦恼。在中国，每天会发生超过300起大规模的黑客攻击行为；每个月，有超过10000个中文网站会被黑客篡改；80%的政府网站都被黑过。我们掌握的证据显示，其中一些黑客行为来自美国。我们还不能说是谁在主使，但是这些攻击行为确实来自美国领土。”“所以我们认为，在这个问题上，中美之间应该进行平等、坦白的对话。美国是世界上主要的网络力量，较为成熟，然而中国也在快速发展成一个世界上主要的互联网国家。我们希望互联网空间可以成为未来两国合作而非冲突的一个领域。”他说。
25岁越南黑客窃取美国公民信息出售，自称可提供2亿人信息,14日，美国司法部表示，一名越南男子因非法侵入美国多家企业电脑、设法窃取2亿美国人的个人身份信息并出售获利而获刑。据《金融时报》报道，这名男子名叫吴孝明（HieuMinhNgo，音译），现年25岁。根据美国司法部14日公布的报告显示，该男子将窃取到的信息出售给网络罪犯，从中获利超过200万美元。吴孝明被新罕布什尔州地区法院以网络欺诈、身份欺诈以及存储设备欺诈被判处13年监禁。他于2013年2月在入境美国时被捕。据报道，从2007年至2013年间，吴孝明在其位于越南的家中运行包括“superget.info”以及“findget.me”网站在内的在线市场，从而出售个人数据。他所窃取的个人信息包括社保账号、银行卡账号、信用卡信息以及包括姓名、地址、电话等在内的个人详细资料，此外他还将窃得的支付卡数据进行出售。吴孝明（HieuMinhNgo，音译），现年25岁。美国国税局（IRS）表示，共有13673名美国公民个人信息遭窃取，并在吴孝明运行的网站上被出售。美国国税局发现，这些美国公民的信息被用于填写虚假的个人所得税申报表格，涉案金额超过6500万美元。美国司法部表示，吴孝明承认他可以提供2亿美国公民的个人身份信息的“访问权”，并且，有超过1300名来自全球的“顾客”通过吴孝明网站上提供的第三方数据库对这些信息进行“查询”。“在他位于越南的家中，吴孝明利用网络市场向分散在世界各地的数千网络罪犯提供数万份窃得的个人信息。”美国司法部助理部长莱斯莉・考德威尔（LeslieCaldwell）表示，“犯罪分子对窃取所得的身份信息进行购买和出售，是因为他们认为这是一项低风险、高回报的事情。识别和起诉像吴孝明这样的网络犯罪分子是我们正在努力改变这种现状的一个方式。”此外，据《纽约时报》报道，此前美国人事管理办公室（OPM）于10日透露，有2150万人的信息在一次针对政府电脑系统的攻击中外泄。这次入侵始于去年，窃取的个人信息包括社保号码，以及一些人的指纹。OPM表示，通过对一起网络入侵的取证调查确定，黑客窃取了大量人员的“敏感信息”，包括他们的地址、就医记录和财务记录，以及其他私人细节。受影响的人包括曾经申请背景调查的1970万人，以及另外180万人，比如他们的家人和朋友。而上月，OPM被曝有420名美国联邦雇员的人事数据被窃，不过OPM表示，两起被窃事件是分开的，但之间存在联系。《纽约时报》称，据信这两起攻击都来自中国。OPM相信这两起攻击是同样的人所为。对此，中国外交部发言人华春莹在10日的记者会上回应称，“关于网络安全问题，我们已多次阐明中国政府的原则立场。各方应在这一问题上采取建设性的态度。当务之急不是无端指责，而是加快磋商制订一个网络空间国际行为准则，本着相互尊重的精神，加强对话合作，共同维护网络空间的和平、安全、开放、合作。”
黑客攻击全球最大婚外情网站：要么关停，要么公布小三们信息,据国外媒体报道，在线婚外情网站AshleyMadison.com日前遭到黑客攻击，大量用户数据和公司信息被盗，对这次事件负责的黑客团队表示此举是为了拆穿该网站宣传时作出的不实承诺。AshleyMadison.com引发的巨大道德争议也让其在多国遭到严厉抵制。AshleyMadison.com创立于2002年，是一家为已婚人士提供交友、约会服务的网站，鼓吹“人生苦短，及时行乐”(Lifeisshort.Haveanaffair)。该网站创始人宣称其终极使命便是“促成完美的婚外情”。目前该网站已经有3700万会员，在全球范围内迅速扩张，去年，其开始进军东亚地区，例如在去年6月打入了日本，8月走进了中国香港，11月登陆中国台湾。然而，其引发的巨大道德争议也让该网站在多国遭到严厉抵制。该网站的会员均详细地列出了交友目的、个人性幻想、理想性伴侣等各类信息。澎湃新闻（www.thepaper.cn）登录该网站，发现该网站的会员均详细地列出了交友目的、个人性幻想、理想性伴侣等各类信息，后面还有专门的“用户反馈”，绝大多数会员均为已婚寻求性伴侣。日前，AshleyMadison.com的大量被窃用户数据被公布在网上，对此事负责的个人或团体宣称，已经彻底盗取了该网站的用户数据库，财务数据和其他专有信息。这些尚未在网上公布的泄漏信息可能会对该网站的3700万用户造成不小的危害。　报道称，对此次事件负责的黑客/黑客团队名叫TheImpactTeam，目前已经在网上公布的是AvidLifeMedia(ALM)的一些内部敏感数据。这家位于加拿大多伦多的公司不仅拥有AshleyMadison.com，还拥有CougarLife和EstablishedMen这两家类似的交友约会网站。ALM首席执行官尼尔-拜德曼(NoelBiderman)上周日接受采访时证实公司数据被窃，同时他表示ALM正“疯狂、努力地”保护ALM的知识产权。就在接受采访的这30分钟里，TheImpactTeam不少公布数据的链接已经无法访问。拜德曼表示：“我们不否认这次事件已经发生，不管他们(黑客)喜不喜欢我们，这都是一次犯罪行为。”据称，TheImpactTeam随机公布了ALM近4000万用户中的部分账户数据、公司内部服务器地图、员工网络账户信息、公司银行账户信息和员工薪资信息。TheImpactTeam除了公布泄漏信息之外还发表了一份长篇声明，声称公布这些信息纯粹是为了揭穿ALM的谎言，后者曾表示用户只需要支付19美元就可以安全删除在该网站的用户信息。这一黑客团队表示，尽管ALM会完全删除用户在网站上的使用记录和个人可识别咨询，但用户的购买记录，包括真实姓名和住址，并不会被删除。TheImpactTeam表示：“单单删除信息这项业务就让ALM在2014年净赚170万美元，可这是个彻彻底底的谎言。用户经常用信用卡支付，他们的购买信息并没有像承诺中的那样删掉，其中还包括了用户姓名和住址，这无疑是用户最希望被删掉的重要信息。”TheImpactTeam表示，除非ALM将AshleyMadison和EstablishedMen这两家网站永久关闭，不然他们将公布所有的用户信息，包括用户的秘密性幻想对象、信用卡交易记录、真实姓名和住址、雇员信息和电子邮件。ALM旗下的其他网站可以继续存活。然而，AshleyMadison.com随后也发表声明，否认TheImpactTeam的指控。他们表示，所有的删除业务是“硬性的不可逆的删除”，并称“用户的隐私”一直是该网站最高的目标。目前还不清楚到底有多少AshleyMadison的用户账户信息被公布在网上，目前看来还只占到总用户基数的非常小一部分。不过黑客团队表示只要这两家网站没有关闭，他们就每天公布一些泄漏信息。拜德曼表示，目前该公司已经展开调查，而且进展速度较快，不过他拒绝透露细节。拜德曼暗示，盗取这些信息的黑客曾经以合法方式至少登入过公司网络一次，所以很可能是公司的前员工或是承包商。拜德曼表示：“我们马上就可以确认罪犯的身份，不幸的是这可能会导致大量信息被公布。我手上就有嫌疑人的档案和工作记录，罪犯绝对是其中之一，虽然他不是公司雇员，但曾经接触过我们的技术服务。”值得注意的是，就在两个月前，另外一家成人交友网站AdultFriendFinder的数据库同样遭到入侵，大量用户数据被泄漏。此前，拜德曼曾在接受媒体采访时表示，中国大陆是该网站力图进入的最后一片巨大的市场。
全球著名偷情网站被黑，黑客威胁要公开3300万用户名单,英国AshleyMadison网站被黑。黑客称除非网站关闭，否则将公布所有用户信息。上网寻欢固然隐秘而便捷，然而纸包不住火，该来的终究会来。眼下，知名的婚外交友网站AshleyMadison正陷入一片混乱：一方面，该公司承认其用户记录被“黑”；一方面，其客服中心正忙不迭告知用户们，别担心，他们的账户是安全的。据英国卫报当地时间7月21日报道，宣扬“人生太短，何不偷欢”的约会网站AshleyMadison当地时间7月20日报告称，网站遭到黑客袭击，可能有数以百万计的用户的资料被盗取。黑客团体表示，如果不想这些资料外泄的话，AshleyMadison就要完全关闭网站。如不照做，他们将会公开这些客户的真实姓名、账户密码和在该网站的付款交易记录。“不管（婚外情网站）是否招人喜欢，网络攻击是犯罪。”AshleyMadison的母公司――AvidLifeMedia首席执行官拜德尔曼（NoelBiderman）怒斥。黑客团体“影响团队”（ImpactTeam）声称，已盗取了该网站的总数据库――逾3300万人的资料。上述团队最初只公布了两个特定客户的个人信息，一人来自马萨诸塞州，一人来自安大略；其同时公开了有2500条客户记录的链接。7月20日事发当天，AvidLifeMedia已依法要求删除链接。作为补救措施，AvidLifeMedia随即调整了删除用户资料的政策，豁免了所有用户的“删除账户费”。此番攻击发生前，AshleyMadison网站可根据客户要求完全删除账户，但需缴纳相关费用：例如，在英国为15英镑，在美国收取19美元。尽管AshleyMadison坚称，当用户删除账户的时候，所有资料都会被抹去。但此次信息被曝光的两人之一就是已付费删除账户的用户。布鲁塞尔街头拿名人开涮的AshleyMadison网站广告。黑客们说，这些用户资料从来没??有被完全清除过。上述用户的付款信息仍然保留在服务器上，显示他是来自安大略的客户。有安全专家称，这次袭击可能有“内鬼”参与。一名安全专家还说，黑客对AshleyMadison造成的影响可能比外界知道的更具破坏性――显然，该网站的用户可不愿意站出来大声疾呼，“我就是（黑客攻击的）受害者，是我，是我”。该网站一名澳大利亚悉尼的用户通过电邮向卫报表示，很多用户可能只是为了满足自己的幻想。“一般都觉得这些人不是什么好人，但我认为在很多情况下，人们上这个网站仅仅是为了在虚拟世界的‘调调情出出轨’，享受一下幻想而已。”纽约时报指出，这次攻击对于AvidLifeMedia来说，时机也相当敏感。Avid有意在今年上市，募资2亿美元。除了AshleyMadison，该公司旗下还有两个受欢迎的网站――CougarLife和EstablishedMen，都曾经被黑客攻击。CougarLife是专门让女性寻找“小鲜肉”的，而EstablishedMen则是让成功男士寻找年轻美女的。这次攻击AshleyMadison的黑客同时要求关闭EstablishedMen网站，但并未对CougarLife作出要求。公然宣扬和协助偷情的AshleyMadison曾引起众多争议，一些球队和体育场馆拒绝其成为赞助商。但自2001年开始，该网站的用户数量稳定增长。根据网站的登记规则，任何年满18岁或以上的人士都可以注册账户，也可以使用假名。只有当用户开始聊天和交换照片的时候，网站才会要求他们付费。
科技湃｜黑客组织“匿名者”用少女动画干扰IS网络宣传,网络黑客组织“匿名者”（Anonymous）针对社交媒体上IS的支持者发起了新一轮攻击。上网时，如果你看到萌萌的伊斯兰动漫人物在吃瓜，这可能是黑客组织针对“伊斯兰国（IS）”宣传手段进行的反宣传。据英国广播公司（BBC）当地时间7月21日报道，网络黑客组织“匿名者”（Anonymous）针对社交媒体上IS的支持者发起了新一轮攻击。在“匿名者”在社交媒体与IS宣战以来。他们已经在推特、Facebook、博客和网络服务器等平台对IS的宣传账号发出了多次攻击。此次“匿名者”发布了他们已经攻陷的750余账号名单，其中有账号拥有超过10000的关注人数。报道称，“匿名者”通过各式各样的漫画、甚至真人图片与IS关键字进行关联，使进行搜索的用户无法找到他们想要的信息。不过，BBC称现在并不能确定“匿名者”发动的攻击是否有效。有研究称IS及其支持者控制了超过90000个推特账号。与此同时，英国首相卡梅伦也宣布了一项新的“反极端主义”策略，为网络“排毒”。他要求网络供应商和互联网公司投入更多精力清除极端主义相关内容并监控发布者。BBC援引研究IS社交媒体宣传手段的分析员贝格尔（JMBerger）的话称，关闭对方的宣传账号固然是有用的。“这不足以将IS从网上消除掉。”他说，“但这能够削弱他们的宣传力量，尤其能针对IS向其核心受众发起的宣传进行阻截。IS将不得不花上更多时间和带宽来重建网络，这样他们进行招募推广的时间也被消耗了。”战略对话研究所高级研究员拉沙德?阿里（RashadAli）认为，“匿名者”的网络行动是一把双刃剑。“实际上，这样确实端掉了公共主页上的一大群人。”他说，“但这并不能完全起作用，因为我们需要做的不只是关掉他们的账号，而是为人们提供新的解读。”“我们的失败之处就在于此，没有找到更强大、详实的论证，来反驳IS。”他说。澎湃新闻此前曾报道，“匿名者”今年2月在YouTube上发布视频，称他们发起的“ISIS行动（#OpISIS）”已经成功锁定了超过1000个和“伊斯兰国”有关的推特账号、Facebook页面以及其他相关网站，并附上了详细名单。这些账号和网站中，有一部分已经完全被“捣毁”，还有一部分在被入侵后，加入了一些来自“匿名者”的推文内容。此外，还有12个可能与恐怖分子过从甚密的电子邮箱地址以及Facebook账号被公开，希望公众能“监控他们”。
五角大楼遭黑客网络攻击，俄罗斯再上嫌疑榜首,据美国有线电视新闻网（CNN）6日报道，尽管还未得出最终结论，但美国军方相信，俄罗斯黑客发动了数日前针对美国参谋长联席会议邮件系统网络的入侵。美国官方证实，这起网络攻击发生在7月25日。黑客通过“鱼叉式网路钓鱼”技术，入侵了五角大楼参谋长联席会议雇员所使用的非保密邮件系统，窃取大量资料。“显然是一次国家行动”五角大楼发言人瓦莱丽・亨德森中校（Lt.Col.ValerieHenderson）向英国《每日邮报》表示：“参谋长联席会议的未加密网络现已全面关闭，我们将致力于继续降低网络安全的风险，并且继续调查这一事件。我们的首要任务是尽快将邮件系统重新启用。鉴于政策及执行安全的原因，我们将不会对事件的细节做评论。”据悉，黑客攻击发生的11天后，该网络系统仍未重新投入使用。约有4000名军人和文职人员受到影响。一位不愿透露姓名的官员表示，在这起针对五角大楼的网络攻击中，只有未加密的邮件被曝光，损失并不严重。参谋长联席会议的机密网络并不受影响，目前正正常运作。在网络攻击发生后的第一时间，美国国防部就公开了案件信息，但直至近日，调查人员才将嫌疑指向俄罗斯。《华盛顿邮报》援引一位未透露姓名的官方人员表示，此次黑客攻击具有相当的复杂性和先进性，极有可能是来自外国政府的国家行为。“这次攻击非常复杂，并且显示出……是来自于一个国家行为，比如（来自）俄罗斯。”美国全国广播公司（NBC）的报道中援引一位消息人士的话也证实了这一说法。报道称，虽然目前尚不清楚黑客袭击是否由普京政府主导，但“这很显然是一次国家行动”。而CNN则分析称，这一国家行动，两个可疑的对象分别是俄罗斯和中国。虽然中国还未被完全排除嫌疑，但这次黑客入侵的方式并非中国黑客通常使用的。据透露，此次黑客入侵参谋长联席会议网络使用了一种名为“鱼叉式网路钓鱼（spear-phishing）”的技术。该技术基于邮件使用者未加防范地点击了含有恶意软件的链接而进行网络攻击。一位国防部高级官员5日告诉CNN，与之前的黑客入侵相比，此次事件“暴露了一个全新的弱点”。华盛顿的官员表示，他们正致力于促使联邦政府推进计算机安全体系的完善。将这起针对五角大楼邮件系统网络的破坏性攻击公之于众，可能会推动国会针对华盛顿网络防御体系可靠性的新一轮审议。美国经常怀疑中俄在此之前，已有数起针对美国政府具有严重破坏性的网络攻击，包括造成美国人事管理局数据库的毁灭性破坏。此次针对联结美国军队各分支的参谋长联席会议的网络攻击，与去年秋天的另一次成功入侵白宫和国务院未加密邮件系统的网络攻击相类似。在上次攻击中，美国官员同样表示，线索显示实施攻击的黑客为俄罗斯政府服务。俄罗斯的情报机构也曾被怀疑在2008年入侵美国军方的机密网络，牵制了美方数月之久。即便如此，美国官方仍谨慎地表示，要精准地找出这类黑客攻击的源头或行凶者是非常困难的。《华盛顿邮报》援引一位美国官员表示，“将此类案件结案是近乎不可能的，你无法有100%的把握”确认谁是幕后指使。目前，莫斯科并未就此作出回应。过去，俄罗斯官员通常会对此类指责进行讽刺性的回应。今年4月，俄罗斯总统发言人迪米特・比斯科夫（DmitryPeskov）就曾针对美国指责俄罗斯发动了去年攻击白宫邮件网络一事表示，“将所有事情都怪到俄罗斯头上似乎已经成为了一种习惯”。中国也曾多次被质疑主导了针对美国政府网站的网络攻击。今年6月，有美国官员质疑中国的黑客窃取了至少400万联邦雇员的身份信息。另有美国官员最近表示，在两起被怀疑是来自中国的网络攻击中有大约2200万美国政府雇员、合同工和其他人的个人信息被泄漏。中国外交部发言人华春莹此前曾回应称美国自己就是“黑客帝国”，这是地球人都知道的事实。美方不思反省，不思检点，反而仍在无理指责和攻击别国，贼喊捉贼，这样的做法不具任何建设性。《华盛顿邮报》表示，奥巴马政府并不希望针对近期几起网络攻击案件对俄罗斯或中国政府正式表达谴责，或提供有力证据表明两国牵涉其中。一方面，因为这一行为会无意识地暴露美国网络防御体系中的细节。另一方面，美国也同样对其他国家进行网络间谍活动，所以公开指责他国会被视作虚伪。
“设备流”黑客有了新武器：无人机安装软件工具“穿透”高楼,大卫・乔丹（DavidJordan）8月9日在DefCon（被称为世界最大的地下黑客组织）集会上。据法新社8月10日报道，新型黑客会利用无人机来进入用户的电脑网络。无人机能通过装载特殊的网络设备在一定距离内直接黑入类似高楼或戒备森严建筑内部的电脑系统。美国“空袭”（AerialAssault）无人机技术人员大卫・乔丹（DavidJordan）9日在DefCon（被称为世界最大的地下黑客组织）集会上，向法新社展示了能够通过在大楼顶部或是在高墙外部盘旋时对内部电脑发动攻击的黑客技术。“此前这种技术从来没出现过，”他说。据悉，无人机上安装了软件工具，用来进行“穿透测试”。这一几班被黑客活是电脑安全人权用来测试系统网络的安保强度。乔丹称，“空袭”使用这种黑客曾用过的无人机，对不安全的无线网络漏洞进行扫描。同时，无人机不光能够发现网络漏洞，还能够将准确的GPS信号和目标所有的信息回传。这种“空袭”无人机在网上以每架2500美元的价格出售。乔丹说，此前，DefCon黑客利用无人机对未受保护的无线网络进行追踪，但新型的无人机拥有了内置网络攻击的设备，尤其他们还能够飞越物理性的防御措施，这使得它们的危险系数增加了。据《华盛顿邮报》4日报道，波音公司和米兰一家黑客公司HackingTeam曾计划在今年进行对无人机植入黑客软件来进行网络攻击的实验。而这一计划邮件被维基解密获取。邮件内容显示，波音正在寻找一种由无人机搭载的“可靠网络渗透系统”。《华盛顿邮报》分析称，这种硬件能够让使用者对目标发起数字攻击。许多以前需要非常靠近才能够完成的攻击现在可以直接通过无人机完成。独立网络研究员科林・安德森称：“以往要对目标进行监视或者侵入系统，你可能需要在马路中间完成这一切。现在你能够在一间屋子里完成所有事，同时兼顾其他设备。”HackingTeam发言人称与波音不存在任何业务关系。波音公司不予置评。但波音公司正在为美国军方制造扫描鹰（ScanEagle）无人机，同时新型的幻影眼（PhantomEye）的洽谈工作也已经提上议程。在一则声明中，波音公司称对新型硬件和软件的了解，并将他们提供给客户是非常重要的。“了解市场上我们客户需要的技术对我们来说是至关重要的，因而我们才能为他们提供所需服务。”声明称。弗若斯特沙利文公司的高级空中防御工业分析员迈克尔・布雷德斯（MichaelBlades）称，这种技术显然会受到军方的青睐。他说：“我们习惯了无人机通过探头和摄像机获取信息的手段，但没人说过他们不能通过数据链接来获取信息。甚至我们能用无人机和恶意软件来破坏整个系统。军方会喜欢这个的。”分析人士称，这一技术并不算非常先进，但这为使用者提供了全新的“数字情报”获取方式。《华盛顿邮报》称，主要的手段有：直接破坏Wi-Fi网络；创建伪装网络，一个“蜜罐子”，使不小心联接上的用户成为猎物。美国加州民航顾问机构“无人机分析”（DroneAnalyst）创始人科林・斯诺称：“现在有成百上千的商用技术可以通过无人机完成。它们取代了许多繁琐脏乱而危险的工作。”
泰国再现黑客、炸弹威胁，追捕曼谷爆炸嫌疑人“需要运气”,8月17日晚，曼谷旅游景点四面佛发生爆炸。过去一周，泰国经历了重重考验。先是首都曼谷热门景点发生一起爆炸袭击致百余人伤亡，数日后曼谷主干道边民房中又出现炸弹，泰国多地政府网站被黑客入侵。昨日，泰国国家警察总长颂育在回答有关曼谷爆炸案嫌犯追捕工作时无奈表示，这“需要运气”。据路透社24日报道，泰国警方在首都曼谷发现并拆解一枚炸弹。同日，泰国《曼谷邮报》报道称，6个泰国官方网站24日遭一个名为FallagGassrini&DrLamouchi的伊斯兰组织黑客入侵。两起案件据信与一周前的曼谷爆炸案并无关联。7月17日晚，曼谷旅游景点四面佛发生爆炸，造成至少20人死亡，超过120人受伤，遇难者中包括7名中国人。曼谷主干道再现炸弹泰国警方拆爆小组指挥官康颂（KamthornAucharoen）24日向路透社表示：“我们今天下午接到报告称，在曼谷素坤逸路81巷（Sukhumvit81)有炸弹。我前往勘察，发现了一枚炸弹。”素坤逸路是曼谷一条主要干道。康颂表示，“炸弹放置在一个建筑工人屋内。我们已拆解这枚炸弹，将把它销毁。”泰国警方表示，他们并不清楚这枚炸弹的来源，但认为炸弹与此前发生的爆炸案无关。另据泰国《曼谷邮报》报道，8月24日早些时候泰国6个官方网站遭黑客入侵。黑客在网页上张贴缅甸罗兴亚族穆斯林逃亡及在曼谷炸弹袭击中受害的穆斯林儿童照片。6个遭入侵的网站包括北部南奔府、中部信武里府、沙缴府、达克省等政府网站，及马哈拉沙坎大学和蓝卢卡医院的官方网站。泰国信息及通讯科技部官员称，黑客使用Linux系统在全球同步发动攻击，该部门目前正在调查这一黑客组织的服务器所在地。追捕嫌犯“需要一些运气”据美联社报道，泰国国家警察总长颂育・蓬汶孟(SomyotPoompanmoung)此前一天曾表示，他们“需要一些运气”，才有可能逮捕曼谷爆炸案的嫌犯。如果作案者拥有好运，则能逃之夭夭。泰国警方24日表示，在调查曼谷爆炸案的过程中，由于嫌犯主要逃跑路线上的许多监控摄像头是坏的，因而阻碍了调查进展。目前，嫌犯的追踪工作非常艰难，警方尚无法确定，爆炸案主要犯罪嫌疑人是否仍在泰国国内，也无法确定嫌疑人是否为外国人或“乔装”为外国人。颂育表示，警察尝试把监控画面的碎片拼接在一起，但在许多细节上不得不“发挥想象”。因为在嫌犯逃跑的主要街道上，有些监控摄像头是坏的。颂育说，“有时候，街道上有20个监控摄像，但只有5个能用”，他说，“我们只能浪费一些时间，把碎片拼起来。”针对爆炸案嫌犯是否仍在泰国的疑问，颂育表示，虽然无法确定其是否还在泰国境内，但目前没有证据显示嫌犯已离开泰国。他同时表示，警方仍不排除任何犯案动机。此前曾有报道称，四面佛爆炸案嫌犯作案后在一家医院换下其所穿的黄色上衣，换上一件灰色上衣。对此，颂育表示，由于相关医院内的监控摄像没有运转，因此无法对报道所说的情况进行核实。颂育同时还否认了嫌犯已搭乘亚航航班逃往马来西亚的传言，称泰国警方已就相关报道向马来当局以及亚航方面寻求帮助。经调查发现，报道中所提到的“嫌犯”身高1.85米，与爆炸案嫌犯1.7米的身高不符。据泰国《民族报》称，泰国当局正在对新的安全监控摄像画面进行研究，各方针对嫌疑人的悬赏金额已经达到三百万泰铢（约54万人民币）。但暂时没有嫌疑人被逮捕。
婚外情网站信息外泄两用户或因此自杀，网站悬赏50万寻黑客,全球最大的婚外情交友网站AshleyMadison已经对外发布了悬赏50万美元（约320万人民币）现金，号召公众提供黑客有效信息的公告。全球最大的婚外情交友网站阿什丽-麦迪逊（AshleyMadison）黑客泄密事件如今已经成为了数千万用户心头的一颗随时可能爆破的定时炸弹。据《每日邮报》报道，截至目前，全球已有2起自杀案例可能与AshleyMadison用户的资料大范围泄露有关，其中一名自杀的疑似网站用户是美国得克萨斯州圣安东尼奥警察局的一位服役25年的警官迈克尔・格汉姆（michaelGorhum）。加拿大警方8月23日召开了新闻发布会证实了这一消息，发言人称该网站已有两名用户近日被证实自杀，目前警方正在调查两人的死亡是否是由AshleyMadison用户资料泄露直接导致的。目前，这个所属于加拿大AvidLifeMedia（ALM）公司的婚外情网站已经对外发布了悬赏50万美元（约320万人民币）现金，号召公众提供黑客有效信息的公告。澎湃新闻（www.thepaper.cn）此前曾报道，AshleyMadison是一个旨在为已婚人士提供交友服务的网站，因为庞大的用户人数被称为全球最大的婚外情网站。用户注册后需要付费才可以使用发送信息等互动服务，网站甚至还提供一个289美元的“保证出轨”服务。7月，该网站遭到了一个名为TheImpactTeam的黑客团体的攻击，该团体于本月18日将网站逾3000万用户的姓名、邮箱、信用卡账号、住址甚至是性偏好等隐私毫无保留地公布在了网络上。虽然AshleyMadison网站自诞生以来就面临着道德方面的争议，也有许多人对于此次事件拍手称快，但黑客团体盗取用户资料的行为也同时面临着更大的问题――侵犯个人隐私，间接引起网络诈骗、敲诈勒索等。“这不再是个好玩的游戏了。”加拿大多伦多警方负责人布莱斯・伊文思（BryceEvans）向媒体表示。报道称，警队队长格汉姆就是在黑客在互联网上公布信息的几天后自杀的。据悉，他当时发现了自己的姓名和两个所属警局的工作邮箱就在众多用户资料之中。格汉姆的一位警队同事在其Facebook主页上表达了对他的悼念：“没有人不认识你，你也从不退缩，你永远支持着你的伙伴和上级，无论之前发生了什么，我多么希望我们之中有人能在那时发现帮助你，告诉你，没关系，一切都会好的。”由于AshleyMadison用户注册并没有邮箱验证的程序，故部分邮箱地址也可能存在着被无辜盗用的可能。此外，有报道称曝光信息中大约还有超过1.5万个邮箱账户与美国政府及军队人士有关。除了加拿大警方，加拿大隐私事务办公室以及澳大利亚的几个安全机构也加入了调查此次信息外泄事件，并着手调查是否有人利用这一“污点”勒索网站用户。参与此案的一名澳大利亚网络安全领域专家特洛伊・亨特（TroyHunt）专门建立了一个供AshleyMadison用户查询有关信息的网站。他表示，自网站被攻击后，他们一天内就会收到成百上千的来自恐慌的用户的询问，他们大多因为担心自己的隐私被暴露而身败名裂或是家庭破碎。“我只是一个普通人，我爱我的妻子，我后悔我做了这件事，我还有两个可爱的孩子，可能也会卷入其中，这太可怕了。”一名用户在寄给Hunt的邮件中焦虑地表示。
美欲对“中国黑客”二次鸣枪？专家：这是对中国施加政治压力,南京大学教授朱锋对《环球时报》表示，黑客将成为中美元首此次对话的重要话题。环球时报综合报道，奥巴马的特使苏珊・赖斯前脚刚离开中国，美国媒体就迫不及待地把“黑客攻击”这个敏感话题赶在中美元首9月会晤之前抛出来。昨天《华盛顿邮报》率先发出报道称，对于利用黑客行为窃取宝贵美国商业机密并从中获利的中国公司和个人，奥巴马政府正准备推出一揽子力度空前的经济制裁措施。舆论认为，一旦这轮制裁正式推出，将是奥巴马政府继去年5月对5名中国军人发出“黑客”指控后，在黑客问题上对中国的“第二次鸣枪”。“在中国国家主席习近平访美前夕，白宫开始用最后通牒的口气同中国讨价还价”，俄罗斯卫星新闻网8月31日这样评论。南京大学教授朱锋对《环球时报》分析说，“在习主席访美之前，美国又一次在网络安全上提升调门，对中国施加政治压力，意味着‘黑客’将成为中美元首此次对话的重要话题”。
台媒披露马英九电邮曾遭黑客攻击，已成立专门机构应对,据台湾媒体联合新闻网披露，台湾地区领导人办公室于今年7月成立了“资讯安全推动委员会”（以下简称“资安会”）。9月18日，该委员会召开第一次全体委员会议。联合新闻网披露，“资安会”由台湾地区领导人办公室副秘书长萧旭岑担任召集人兼资安长，由“行政院副院长”张善政担任顾问。联合新闻网在报道中披露，台湾地区领导人马英九近年来曾多次遭黑客冒用友人电子邮件账号，进行钓鱼或社交工程（socialengineering）等持续性网络渗透攻击。因此，马英九9月18日亲自出席了“资安会”第一次全体委员会议，希望通过这种方式强调台湾当局对维护资讯安全的重视，并期许以“信息安全，人人有责”与“毋恃敌之不来，恃吾有以待之”的态度，共同做好全面资安防护工作。马英九在出席“资安会”会议时表示，台湾当局近年来推动多项信息化政策，大幅提升行政效率，然而无论防守多严密，网络上“黑客”窃取机密，仍然时有所闻，造成信息安全威胁与损失，马英九本人办公室是国内外黑客经常锁定的目标。马英九还引用美国总统奥巴马的话：“在数字时代，我们正面临一个极为吊诡的问题，信息科技驱动人类文明跃进，同时也被用来暗中破坏进步的成果。”张善政在会中指出，信息安全与用户的便利经常难以兼得，为了确保信息安全，使用计算机的便利性难免受到影响，但唯有“牺牲小我、顾全大我”，才能让信息安全做得更好。
黑客偷钱新招：入侵手环破解银行卡密码，用电脑算出验证码,通过利用手环的系统漏洞，黑客可以忽略手机，不经过配对校验就直接与用户的手环实现连接。不仅是手机病毒可以盗取用户的支付密码等信息，甚至平时用于计步的智能手环，也可能由于被黑客入侵而泄露用户的银行卡密码。9月22日，由上海市经济和信息化委员会、上海市长宁区政府指导，上海市长宁区科学技术委员会、上海市信息安全行业协会等联合主办“虹桥‘互联网+’论坛暨第三届互联网金融科技风险与治理高峰论坛”举办，呼吁金融企业提高对黑客攻击和漏洞处置的重视程度。安全专家、奇虎360网络攻防实验室林伟透露，智能手环等穿戴设备近年来越来越受到年轻人的欢迎，很多人想象不到，它也已经存在着让黑客入侵并掌握用户个人金融信息的安全隐患。通过利用手环的系统漏洞，黑客可以忽略手机，不经过配对校验就直接与用户的手环实现连接。这样不仅可以做出“清零手环步数”这样的恶作剧，甚至当用户戴着手环到ATM机输入银行卡密码时，黑客可以借助手环的运动传感器，依据手部动作的位置和幅度，远程分析出用户正在输入的密码。除了传统金融业，正在兴起的互联网金融业因系统隐患和安全漏洞面临的威胁则更大。论坛透露了一组来自于互联网企业的统计数据。据第一网贷发布的《2015年上半年中国P2P网贷指数、人气指数运行报告》显示，截止至2015年6月底，全国共有3547家P2P网贷平台，纳入中国P2P网贷指数统计的P2P网贷平台为2553家。另据网贷之家的统计数据，2015年8月份P2P网贷整体成交量达到974.63亿元，环比上升超过18%。同时，参与P2P网贷的投资人和借款人达到了204.28万人和54.94万人，参与人数大幅攀升。与P2P的红火形成对比的是，从乌云平台最新发布的《2015年P2P金融网站安全漏洞分析报告》来看，自2014年至今，乌云平台收到有关P2P行业漏洞总数为402个，仅2015年上半年就有235个，上半年比去年一年增长了40.7%。2015年下半年截止至8月已收集到120个漏洞，其中高危漏洞更是高达56.2%。在报告的402个漏洞中，有可能影响到资金安全的漏洞就占据了漏洞总数的39%，2015年上半年影响资金安全的漏洞占43%，P2P资金风险呈现快速上升的趋势。据专家介绍，密码重置环节是黑客利用最多的逻辑漏洞。一般密码重置都有输入用户名、验证身份、重置密码几个环节，由于验证身份一般都是通过发送4到6位的数字到用户手机或邮箱，相比破解用户本身的密码要容易得多，只要系统留出的验证码有效期时间足够长，黑客就可以利用计算机的高速运算能力猜解目标的口令密码，实现“爆破”，甚至还可以借助一些网站的系统漏洞直接修改数据，用自己的手机或邮箱代收用户验证码。另据漏洞盒子发布的《2015上半年度金融行业互联网安全报告》显示，截至2014年底，已有近165家P2P平台由于黑客攻击，造成了系统瘫痪、数据被恶意篡改、资金被洗劫一空等灾难性后果。论坛透露，来自世界反黑客组织的最新通报，中国P2P已经成为全世界黑客宰割的羔羊，资金安全应当占据P2P行业安全的首要位置。然而，网络安全还没有被金融业、尤其是互联网金融业彻底地重视起来，互联网金融企业对黑客攻击和对发现的漏洞处置，重视程度普遍不够。
彭博社称道琼斯遭俄黑客入侵被窃商业信息，俄方暂无回应,道琼斯公司2007年被传媒大亨鲁珀特・默多克的新闻集团收购，旗下拥有商业和财经领域以深度报道而知名的《华尔街日报》。继美国道琼斯公司上周披露数据泄露事件后，彭博社报道，这家企业遭到俄罗斯黑客入侵，一些商业信息失窃。美国联邦调查局16日说，针对道琼斯公司遭黑客入侵一事，美国刑事调查人员正展开调查。【对手爆料】彭博社援引不愿公开姓名人士的话报道，道琼斯公司的电脑系统遭到俄罗斯黑客入侵，一些尚未发布的信息遭到窃取。报道没有提供更多细节，没有说明道琼斯公司失窃信息的具体内容。按照彭博社的说法，至少在一年前，美国联邦调查局、美国特工处以及美国证券交易委员会已对此事展开调查。道琼斯公司2007年被传媒大亨鲁珀特・默多克的新闻集团收购，旗下拥有商业和财经领域以深度报道而知名的《华尔街日报》。这家公司上周曾披露，其系统在2012年8月至2015年7月之间遭遇未经授权的访问，大约3500名个人用户的支付卡和联系信息等数据可能已被截获。不过，彭博社认为，比起道琼斯公司自曝的内容，俄罗斯黑客入侵其系统一事要“严重得多”。暂不清楚这两起事件是否有关联。对于彭博社的报道，俄罗斯方面暂时没有作回应。【遭到质疑】美国联邦调查局发言人凯莉・兰梅塞16日在电子邮件中说：“我们得知了道琼斯公司的（黑客）入侵事件，正在进行调查。”不过，对于彭博社报道中的其他内容，兰梅塞拒绝作回应。按法新社的说法，在财经新闻和数据报道方面，道琼斯公司和彭博社互为竞争对手。面对彭博社的报道，道琼斯公司提出质疑。“据我们所知，我们从未接到当局有关（报道中）所谓的（黑客入侵）信息，”道琼斯公司发言人科琳・施瓦茨说，“自从彭博社发表这篇报道后，我们努力确认文章中所说情况是否属实。截至目前，我们没能找到任何证据（证明其真实性）。”美国特工处以及美国证券交易委员会暂时没有作回应。法新社提及，这并非美国首次曝出金融市场敏感信息泄露事件。今年8月，美检方起诉乌克兰黑客入侵包括美国商业新闻社在内的多家商业信息发布商的电脑网络，窃取尚未发布的信息，继而进行内线交易、非法牟取巨额利润。（刘曦・新华社特稿）
美方称中国黑客商业窃密，中国回应：反对任何形式网络攻击,英国路透社10月19日报道，美国网络安全企业CrowdStrike表示，自9月26日起，一群与中国政府有关联的黑客已试图攻击7家美国公司，包括5家技术公司和2家制药公司。对此，中国外交部发言人华春莹在今日的例行记者发布会上评论称：“关于网络安全问题，中方已经多次阐明了有关原则立场。中国是网络安全的坚定维护者，也是黑客攻击的受害国。中国政府反对任何形式的网络攻击和商业窃密的立场是坚定的，中国政府不会以任何形式参与、鼓励、支持企业从事窃取商业秘密行为。希望有关方面本着相互尊重和互信的精神，以建设性的态度加强在网络安全方面的对话与合作。”今年9月25日，在美国访问的中国国家主席习近平与美国总统奥巴马曾表示，两国都同意打击窃取对方商业机密的行为。CrowdStrike公司创始人艾尔佩罗维奇（DmitriAlperovitch）在接受采访时表示，基于黑客所使用的软件和服务器，他认为袭击上述7家美国公司的黑客与中国政府有关联。他说，这些软件中包括一个名为Derusbi的程序。分析人士表示，Derusbi此前袭击过位于弗吉尼亚的一家国防工程承包商VAE，以及一家医疗保险公司Anthem。艾尔佩罗维奇表示，此次发动袭击的黑客来自多个团体，包括一个名为“低调小熊猫”（又称“深渊熊猫”，DeepPanda）的黑客组织。CrowdStrike公司19日发布的一篇博客中写道，“近几起黑客入侵的目标似乎清晰且一致：窃取知识产权和商业机密，而非传统的国家安全相关的情报收集。”CrowdStrike公司表示已将所发现的信息告知白宫，但拒绝透露被黑客攻击的公司名称。奥巴马政府一名高级官员表示，当局已对相关事件有所了解，但拒绝做出评论。
无人机存诸多安全隐患，可被黑客删除数据、劫持坠毁,在影星章子怡的生日宴上，汪峰用无人机传送钻戒求婚成功。图片来自网络在影星章子怡的生日宴上，汪峰用无人机传送钻戒求婚成功；在综艺节目《爸爸去哪儿》中，村长用无人机监控孩子们的行动以确保安全。随着无人机日趋普及，它正步入寻常百姓的生活。但是，上海科技大学信息安全实验室的一项研究表明，市面上主流的无人机存在着诸多安全问题，不但可能被窃听、黑客入侵，甚至还有可能被劫持直至人为坠毁，这是澎湃新闻（www.thepaper.cn）10月23日从“第五届上海市信息安全活动周”上了解到的。6.7亿网民中近九成用手机上网以“践行网络文明，共护网络安全”为主题，由上海市经济和信息化委员会、上海市互联网信息办公室共同主办，上海市信息安全行业协会、上海市信息服务业行业协会等承办的“第五届上海市信息安全活动周”于10月23日在沪启动。活动透露，根据最新的互联网发展状况统计，我国6.68亿网民中使用手机上网的比例已提升至88.9%，移动及跨境网购、网络支付、互联网理财等应用在带来便捷的同时，病毒木马入侵、恶意钓鱼网站、个人信息泄露、账号密码失窃、网银资金被盗等安全威胁也困扰着网民。支付宝、网易邮箱等互联网巨头今年也相继曝出安全隐患。调查显示，有近一半的网民认为互联网不太安全或非常不安全。无人机可能被动或主动被袭击上海科技大学信息安全实验室的团队对市面上主流的无人机进行研究后，发现了很多安全问题。首先，无人机可以受到被动攻击，无人机通过无线网络向手机传视频，由于该网络没有被保护，攻击者能够通过窃听网络获得无人机发回的视频。同时，威胁性更大的是主动攻击，研究人员现场演示，攻击者可以向手机发虚假视频，欺骗用户，制造无人机正常工作的假象。除此之外，由于无人机的设计缺陷，攻击者还可以侵入并控制无人机，可以将摄像头指向任意方向，打开或关闭摄像头，窃取无人机上存储的图像，或者删除无人机上的所有数据。最后，攻击者还可以劫持无人机，让它飞到任意地方或坠毁。研究团队表示，已经将发现的安全问题反馈给厂家，厂家正在修改产品，他们希望其他无人机厂家也能够重视安全问题，加强无人机行业整体的安全性。而对于消费者来说，在使用无人机时，要避免拍摄和存储对隐私产生危害的视频。操纵无人机时，尽量远离人群，避免无人机被劫持。如有可能，设置无人机安全模式，例如，通过设置Wi-Fi网络密码对视频加密等。主办方表示，此次安全周特地安排信息安全专家走近市民，演示日常生活中随处可见的安全问题，比如智能手环、无人机、Wi-Fi无线网络等产品的安全隐患，就是希望提醒民众关注身边的信息安全，避免受到侵害。
外媒指俄黑客曾欲获取MH17失事报告，荷兰方面称入侵未果,荷兰安全委员会发言人尤斯特拉在MH17航班的残骸前公布了马航MH17空难国际调查组的最终调查报告。中国日报网10月24日电，据外媒报道，马来西亚航空MH17失事报告本月13日出炉，证实班机遭俄制飞弹击落，网络安全软件公司趋势科技（TrendMicro）23日表示，俄罗斯间谍曾试图入侵荷兰安全委员会的网络系统，尝试取得敏感的最终失事报告。趋势科技指出，俄罗斯黑客“OperationPawnStorm”尝试在10月14日入侵荷兰安全委员会计算机系统，前一天恰巧是MH17失事报告的公布日。荷兰安全委员会也表示，确实有检测到入侵，但没有证据显示黑客入侵成功。趋势科技指“OperationPawnStorm”过去曾对白宫及北约组织发动攻击。马航MH17去年7月17经过乌克兰东部时，遭俄制的地对空山毛榉（BUK）飞弹击落，机上298名乘客全数罹难。
英遭遇史上最大黑客攻击，400万用户数据恐遭泄,24日，英国宽带服务供应商TalkTalk表示，该公司受到了一起极其严重的网络袭击，其400万用户个人信息可能被“扒光”，这是英国史上最大规模的数据泄露事件之一。据路透社报道，23日TalkTalk公司收到了“未知方”提出的赎金要求。公司称这一“未知方”表示对网络攻击负责并要求公司缴纳赎金，否则公司近400万用户包括银行账号和信用卡等信息的具体细节将有曝光风险。英国宽带服务供应商TalkTalk受到严重的网络袭击，其400万用户数据可能泄露。电脑专家称TalkTalk提供的攻击细节和公共网络数据显示，黑客直接通过TalkTalk公司用户网站的漏洞获取了信息，并没有进行内部攻击。路透社援引火眼（FireEye）和速7（Rapid7）两家网络安全调研机构消息称，在“深网”（DarkWeb）的一些网络攻击犯罪论坛上已经开始贩卖部分经济数据样本。而TalkTalk公司发言人拒绝评论，称警方正在进行调查中。大多数专家称希望等到警方调查给出更多技术细节在研究攻击方式，以及攻击源头。警方在公布具体情况前可能需要花上数周乃至数月时间。哥本哈根网络法律调查者简・蒙拉得（JensMonrad）称黑客如果需要增加所偷取的用户数据价值，往往会现在网上公开部分数据样本，以吸引地下犯罪网络的买家，而这些买家则相对也会提高这一价值。苏格兰网络犯罪司的前探员阿德里安・库雷（AdrianCulley）向BBC透露称，该起网络攻击像是一起伊斯兰极端组织的行为，但没有提供更多具体线索。“我们清楚，对于这些犯罪者，有一些猜测；调查现在还在初级的阶段；对于被盗信息的完整调研还在进行当中。”伦敦警察厅网络犯罪司在一则声明中指出。早在4月一起针对法国电视网络TV5Monde的网络袭击，最初被认为是由支持“伊斯兰国”（IS）的黑客发起，而现在许多网络安全专家则猜测攻击来自俄罗斯一代号名为APT28的黑客组织。美国安全公司稳固网络（TenableNetworks）欧洲、中东及非洲区域技术部长加文・米拉德（GavinMillard）称，由于近期网络攻击的幅度和规律性，已经使得美国公众产生了某种“泄露疲劳”情绪，这是一种面对不可控力而产生的被动态度。在美国，包括Target超市、华尔街银行摩根大通和许多美国医保设施都出现过用户数据泄露情况，且数量成百上千。这些攻击影响的人群比TalkTalk此次遭受攻击造成的影响人群更为巨大。但这仍旧被认为是英国有史以来所遭受的最大一次网络攻击。在8月，偷情网站“阿什利・麦迪逊”（AshleyMadison）被黑一事就显露出找到背后进行袭击黑客的困难性，在8月的事件中有近3900万人的数据遭到泄露。去年索尼影业同样遭到网络攻击，造成数部影片片源泄露，而美国将其责任直指朝鲜。不过目前上述事件还未得出任何实际结论，在网络上依然流传着各式各样的猜测。
中国信息安全人才缺口50万，校园黑客获50万年薪职位推荐,中央网信办网络安全协调局处长张胜先致辞。10月27日，在上海市“第五届上海市信息安全活动周”期间，2015ISG信息安全技能竞赛组委会在东华大学推出了大型公益活动“人才嘉年华”，来帮助企业应对信息安全人才缺乏的困局，一批来自校园的“黑客”高手获得了30万年薪、50万年薪等高薪职位定向推荐。截止2013年6月，中国已培养信息安全专业人才约5万人，但是仍无法满足政府、部队和其他行业部门的人才需求，预计国内目前信息安全专业人才缺口高达50余万，而今后几年内社会对信息安全人才的需求仍将以每年2万人的数量增加。近日，由上海社科院信息研究所和上海市信息安全行业协会共同完成的《中国信息安全专业人才调研报告》透露，中国信息安全相关技术研发能力与国外发达国家相比还显不足，关键技术和产品的信息安全测评存在技术缺失，因此往往无法发现深层次安全漏洞。造成差距的一个核心问题就是高精尖信息安全专业人才能力不足，而既懂技术又懂管理的复合型人才更是匮乏。报告显示，截至2013年6月，中国已培养信息安全专业人才约5万人，仍无法满足政府、部队和其他行业部门的人才需求，人才缺口高达50万。而且，中国信息安全人才分布严重失衡，普遍存在从西部偏远地区向东部发达地区转移，从东部中小型城市向特大型城市迁徙的现象。报告还认为，中国信息安全培养与需求存在脱节，调研对象普遍反映所学知识与工作需要脱节。10月27日，在“人才嘉年华”现场，来自奇虎360科技有限公司相关负责人告诉澎湃新闻（www.thpaper.cn）记者，由于信息安全人才的紧缺，几乎每个IT企业都把他们认为香饽饽，甚至不敢让相关的专业人员去参加行业竞赛，生怕人才会被其他公司挖走。“即使是奇虎360这个的行业内领先企业也很难再从行业内部找到足够的人才。”不过上述负责人也坦言，目前校园的课程与企业的实际需求存在差距，因此他们也正在与一些高校合作，共同培养信息安全人才。在“人才嘉年华”活动现场，面向上海市大学生推出的信息安全技能大赛――“东华春秋杯”ISG校园赛也宣布同期启动。ISG组委会表示，此次特别将创新创意赛、技术挑战赛两大赛事的颁奖典礼安排在“人才嘉年华”活动现场举行，是希望通过竞赛发现创意人才和信息安全专业技术人才。参与ISG技术挑战赛的参赛选手，将在“人才嘉年华”上获得30万年薪、50万年薪等高薪职位定向推荐，达到一定水平的参赛选手还将得到众多用户单位的海量职位对接。此外，“第五届上海市信息安全活动周”期间，为提高全民的信息安全意识，还新推出了的“全民知识赛”。截至10月26日，在安全周官方微信公众账号“易安在线”和新浪上海两大平台，市民参与答题总人数已突破15000多人，成绩在70分以上的占到70.86%。
阿里回应双11零点网络瘫痪：5分钟访问相当于一次黑客攻击,2015年11月11日17时28分，天猫双11交易额突破719亿，超中国2014年社会消费品单日零售额。11月11日傍晚，对于双11凌晨网络繁忙导致网友购物失败的情况，负责双11技术保障的阿里云计算总裁胡晓明回应称，零点开始5分钟内巨量的访问涌入，并创建交易、支付，这相当于一次黑客攻击，对全世界任何公司都是挑战。双11前，公司做过大量压力测试，网络繁忙的情况是在预料之内，好在很快就修复了这个问题，后面交易亦十分平滑、流畅。11月11日凌晨，天猫双11购物节正式开始，不少等在电脑或手机前的网友，却发现“数据加载失败”、“被挤爆啦”、“银行系统太忙”等提示，无法提交购物车，等到系统恢复时，商品已被抢完。恢复时间从15分钟到1小时不等。现场亦有台湾地区媒体表示，台湾网友购物也出现类似问题，对此，胡晓明表示，如何把跨境网络访问质量提高，涉及到很多方面，阿里在这方面将继续努力。据了解，2014年双11，阿里巴巴在全球首创交易系统“异地双活”，而今年有了更大的突破：在支付宝金融系统中，实现1000公里以上的“异地多活”能力。“异地多活”可实现多地数据中心像一个数据中心一样工作，即使某一处数据中心出现故障，双11在线业务仍然能够快速恢复正常运转。“今天我们在这个平台上，交易创建峰值达到每秒钟14万笔，支付宝的支付峰值达到每秒钟8.59万笔。每一秒钟所支付的能力，已经超过了VISA，背后依靠的就是云计算。这不仅仅是阿里巴巴的能力，也代表了中国的能力。”胡晓明称。双11零点网络瘫痪基本是每年的常态，今年零点时分的成交量比去年更大。今年12分38秒，成交额即达到100亿元，用时比去年快了两倍多。
国际黑客组织戴“V字仇杀队面具”出镜，宣布对IS猛烈开战,当地时间16日，国际著名黑客组织匿名者（Anonymous）在网络上发布视频，向“伊斯兰国”宣战，并称将会“发起有史以来最大的行动”。巴黎日前发生的恐怖袭击时间已经造成了100余人死亡，法国政府誓言要“消灭敌人”，并称不会停止在叙利亚的空袭行动。据法新社报道，法国议会消息人士称，法国总统奥朗德计划将目前全国处于紧急状况的时间延长至三个月。而法国总理瓦尔斯还表示，“我们现在处于战争中”，法国将使用不同寻常的手段消灭敌人，“我们将会赢得这场战争”。与此同时，法国当地一家救治伤者的医院的主任医师表示，他在医院里看到的情况比在战区见过的情况更严重。对IS发起史上最大的网络战争据英国《镜报》报道，国际著名黑客组织匿名者（Anonymous）16日宣布，对宣称为巴黎恐怖袭击事件负责的极端组织“伊斯兰国”（IS）宣战。匿名者组织在YouTube上发布了一段视频。视频中，该组织表示将利用该组织的知识来“团结全人类”，并宣称让恐怖分子“期待我们（的行动）”。视频中，匿名者组织发言人身穿黑色衣服，脸上戴着该组织标志性的“V字仇杀队面具”。这名发言人表示，“来自世界各地的匿名者将会追捕你们。你们应该知道我们会找到你们，并且不会放过你们的。我们将会对你们发起有史以来最大的行动。”“请期待大规模网络攻击。战争开始了。请做好准备。”匿名者发言人说，“法国人民比你们更强大，从暴行中走出来的法国人会更强大。”据《镜报》报道，这并非黑客组织首次向IS宣战。该“黑客活动分子”（hacktivists）组织同时在其Twitter上发表推文称，“别搞错：匿名者是在向达伊沙（Daesh，‘伊斯兰国’的别称）宣战。我们不会停止反对IS。我们黑客功力更胜一筹。”当地时间13日晚间，巴黎发生数起恐怖袭击事件。巴黎当地一家医院里，治疗因恐怖袭击而受伤的患者的医生菲利普・儒凡（PhilippeJuvin）表示，他在医院里看到的情况比在战区见过的情况更严重。目睹一切的伤者一直沉默不语菲利普・儒凡是欧洲乔治蓬皮杜医院（GeorgesPompidouEuropeanHospital）的主任医师。他表示，恐怖袭击发生之后，约有50名伤者被送往医院救治。菲利普・儒凡对记者说道，“伤者的手臂、腿部和胸部被子弹射中。你无法想象他们的心理受到怎样的创伤。虽然很难解释，但是许多病人因伤被送到医院后一直保持沉默。”“他们目睹和经历的一切让他们处在惊吓状态。没有人能说些什么。他们所受创伤太大了。”“这和电影中看到的所有人都在哭不一样。现实情况完全不同。救护车将伤者送到医院，没有人开口说话。”据《镜报》报道，医院许多其他的病人在完成治疗并被批准出院后，被告知需要再次前往医院以寻求心理帮助。该医院也为员工提供同样的帮助。“显然，医护团队非常疲惫，其中一些人同样需要心理帮助，我们需要帮助他们度过这一切。”菲利普・儒凡表示，“我们也需要等待数日，来确定伤者是否会留下终身伤痛。”
IS通过比特币洗钱：黑客曝光其一个账户，价值300万美元,一黑客组织称，IS手中掌握着一个比特币钱包（账户），其中存有价值约300万美元的比特币。视觉中国图巴黎恐怖袭击，让极端组织洗钱工具之一的比特币再度成为众矢之的。据德国《明镜》周刊报道，七国集团(G7)计划加强对比特币等数字货币的监管，怀疑“伊斯兰国”（IS）在利用比特币秘密转移资金。《明镜》周刊称，在土耳其的20国(G20)峰会期间，震惊于上周巴黎恐袭事件的G7财长于周一的一次非正式会议上讨论了对金融科技公司的监管。巴黎恐怖袭击发生后，欧盟委员会也曾公开表示，正在评估例如比特币这样的数字货币，是否会被用作恐怖主义和洗钱。比特币成为恐怖组织洗钱工具更进一步的例证是，一个匿名为GhostSec的黑客组织11月16日称，其成员在IS的网络中发现使用比特币融资的证据。根据该声明，IS手中掌握着一个比特币钱包（账户），其中存有价值约300万美元的比特币。根据欧盟委员会11月17日的一份备忘录，调查正在进行中。具体措施包括：第一，敦促各国按照此前已经通过的反洗钱方案管理虚拟货币交易。今年5月20日，欧洲议会最终核准通过了一系列反洗钱措施，欧盟成员国政府必须掌握公司所有者的详细注册资料；进行金融交易的公司或者机构必须提供较如今更为清晰准确的受惠方信息；贵金属及钻石供应商必须跟踪所售出物品的去向。按照欧盟的法律，各国应当在2017年6月前将上述要求写入反洗钱法律。第二，欧盟计划制定一个黑名单方案，把管理上做得不足的一些国家纳入名单当中。据了解，目前欧盟各国在虚拟货币监管上的要求并不相同，比如意大利央行就表示，不强制数字货币交易所执行反洗钱政策。早在今年10月，反洗钱国际组织金融行动特别工作组（FATF）就发布了一份报告，警告虚拟货币的恐怖融资风险。这份题为“新兴的恐怖主义融资风险”的报告指出，虚拟货币已经吸引了包括极端主义组织在内的各种犯罪集团的关注。而自诞生以来，比特币就因为其便捷、匿名性、无监管的特点，被各种犯罪组织所钟爱。比特币犯罪历来让司法部门头疼，在比特币网络中，拥有者的身份只以一组加密的计算机代码形式出现。网络只记录了一个比特币是由哪个地址挖出来的，如何流转，但这些地址的拥有者身份却无从查实，相关交易可以轻易从政府监管的视野中隐形，而监管者难以跟踪或拦截。2015年10月，东方明珠石油公司主席黄煜坤在台湾被绑架，匪徒要求以比特币支付赎金，近来被中国银监会发文警告的“MMM互助金融”亦选择将比特币作为唯一的支付手段。欧洲刑警组织在9月发布的《2015年度互联网有组织犯罪威胁评估报告》中，也提到了比特币用于犯罪活动的话题。欧盟刑警组织的报告表示，“根据数据，犯罪分子40%的在线支付是使用比特币完成的。”而ISIS使用比特币融资的传闻也根本不是什么新鲜事。作为恐怖组织，ISIS的主要收入来自石油、走私等业务，但现在随着各国的制裁加剧，通过这些传统渠道进行融资的难度加大，因此该组织也开始向个人寻求资金募集，而方便跨境交易的比特币显然是最好的选择之一。2013年，IS旗下的博客曾号召支持者利用比特币系统进行捐赠，而且新加坡情报机构的研究人员在美国的网络中发现了一个似乎是IS在美国集资的网站，该网站收到数额较小的比特币。不过，前述黑客行动的发现是外界第一次找到IS使用比特币交易的直接证据。
另一个战场：黑客组织在暗网中摧毁IS宣传网,美国、法国、俄罗斯等大国正在对极端组织“伊斯兰国”（IS）展开空袭，而在另一个看不见的互联网战场――暗网，反恐黑客们也在严厉打击IS。据互联网新闻网站“TheDailyDot”报道，反IS的黑客们正对IS在“Tor”匿名网络中所建立的宣传网站进行清剿。在11月13日发生巴黎恐怖袭击系列事件后，越来越多的人开始将批评的矛头指向IS在互联网上所发起的宣传攻势。在IS最被人熟知的宣传网站上，支持者们经常上传视频、进行新闻发布或者更新有关IS领导人的例行消息。可以说这种网站已经成为IS在网络中最有影响力的宣传阵地。考虑到这些宣传网站经常成为黑客们所攻击的目标，因此IS的支持者们决定在“Tor”匿名网络中建立其他一些宣传网站。“Tor”匿名网络由美国军方情报机构最初开发并受到美国政府的财政资助。“Tor”最显著的一个特点就是能将网络流量进行复杂的加密处理，以此掩盖源地址与目标地址的路径。使用者可以在“Tor”匿名网络中发布任何信息并规避网络监管。一般人通常使用的谷歌浏览器或者火狐浏览器也无法浏览到那些在“Tor”匿名网络里所建立的网站。IS支持者们以为在“Tor”匿名网络中找到了安全的藏身之处。但他们显然低估了反恐黑客们的实力。反黑客组织还是在“Tor”匿名网络上找到了IS所建立的宣传网站，并将这些网站当作靶子进行打击。在这些反IS黑客组织中，“幽灵安全”（GhostSecurity）是最为人所知的一个。这个由民间草根黑客自发组成的反恐组织去年曾捣毁数千个IS用来进行宣传的社交账号和网站。而当IS在“Tor”匿名网络中重新建立宣传网站后，“幽灵安全”便迅速找到了网站的新地址，并对其实施了网络攻击。在仅仅运行5天之后，该网站便处于无法打开状态。摧毁该网站也成为“幽灵安全”众多反恐战绩中最令人称道的一个。不过，需要注意的是，尽管IS在网络上遭到了黑客们的严厉打击并丧失了一些阵地，但不能以为他们用来宣传和招募恐怖分子的平台就此没有了。推特（Twitter）、Youtube、脸书（Facebook）等社交工具依然是IS支持者们用来宣传和招募恐怖分子的重要阵地。比如，在制造巴黎恐怖袭击系列事件后，IS的支持者们还是每天会将大量的视频、信息图表、录音等放到网上，并通过推特、Telegram等社交网络或即时通讯工具进行传播。虽然这些社交网络在一经发现IS账号的情况下会立即采取封杀的行动，但是这依然无法完全阻止IS利用社交网络进行宣传的行为。
安倍个人官网瘫痪，国际黑客组织宣布负责，要求日本停止捕鲸,安倍首相的官网从12月10日凌晨开始出现故障。凌晨3时半左右，有自称是“Anonymous（匿名者）”组织的人物在推特发文，称攻击了该网站。国际在线消息，据日本NHK新闻网12月10日报道，日本首相安倍晋三的官网从当日凌晨开始无法打开。中央电视台英语新闻频道官方微博@CCTVNEWS报道称，国际黑客组织宣布对安倍个人官网“瘫痪”负责，要求日本政府停止捕杀鲸鱼活动。据日本警视厅介绍，安倍首相的官网从12月10日凌晨开始出现故障，截至上午11点仍未恢复常态。而凌晨3时半左右，有自称是“Anonymous（匿名者）”组织的人物在推特发文，称攻击了该网站。分析称，该官网遭到了协同分布式拒绝服务（DDoS）攻击，首相事务所正在加紧确认状况。日本官房长官菅义伟在当天上午的记者会上称，无法打开的情况仍在继续。自称是国际黑客组织“Anonymous（匿名者）”的人物宣称对此事负责，但日本方面尚未确认。日本国内近来频繁遭受“Anonymous（匿名者）”的攻击，上月21日，日本厚生劳动省的主页就曾被攻击，导致3天无法浏览。@CCTVNEWS报道称，国际黑客组织的目的是要求日本政府停止捕杀鲸鱼活动。根据新华网11月30日的报道，日本不顾国际法院禁令将强行恢复南极海域捕鲸。《读卖新闻》等日本媒体报道，日本捕鲸船队可能于12月底前出发，按照修改后的计划，2015至2016年度将捕鲸333头。按照法新社的说法，日本以“科学研究”为名，行商业捕鲸之实，猎捕的鲸肉进入了市场和餐馆，已是众人皆知的秘密。国际爱护动物基金会说，日本的新捕鲸项目将扩大在南极海域的捕杀范围，导致今后12年将有近4000头鲸遭屠戮。这一慈善机构呼吁支持者给英国外交部写信，要求英国对日本的捕鲸计划和“不顾国际法”的行为正式提出反对。
法国遭到网络攻击，近19000网站瘫痪,当地时间2015年1月11日，法国巴黎，民众集会参加反恐大游行。CFP图法国网络防御长官称由于流量突增，法国近19000网站瘫痪。网络防御长官称这次是在巴黎恐怖袭击事件后的网络袭击。据美联社报道称，1月15日法国网络防御长官古斯蒂利尔（ArnaudCoustilliere）向记者表示，此次网络袭击来自“有一定规模”的黑客组织，其中一些则是著名的伊斯兰黑客组织。“我们以前从未见过这种事情。这是第一次在国家层面上遭遇这么大一波网络攻击者。”他说。据美联社报道，这些攻击多数为阻断服务式攻击，范围从军队网站到披萨饼店。古斯蒂利尔称此次攻击是对全法1月11日的370万人大游行进行的回应。网络安全监测公司爱博网络监测报告称，在过去的24小时里，法国共遭到了1070次阻断服务式攻击，达到美国受到攻击的四分之一――但美国拥有法国近30倍多的服务器数量。与此同时，法国总统奥朗德发表讲话，称反穆斯林、亵渎神明的行为是应当“严惩”的。“伊斯兰和民主是不矛盾的，我们必须明确这一点，”奥朗德说，“法国的穆斯林和其他人民拥有同样的权利和义务......他们受到保护和尊敬，正如此他们也应当尊重（法兰西）共和国本身。”路透社报道称，法国将会采取新的措施，加强欧洲与地中海地区阿拉伯国家的合作，这些措施可能包括吸收更多阿拉伯学生赴法学习。最新一期的《查理周刊》在封面上仍然刊登着先知穆罕默德的恶搞漫画，1月15日加印的报纸迅速售罄，和14日的状况一样。
美国情报机构：网络攻击已成美国最大威胁，没有之一,美国国家情报总监詹姆斯・克拉帕（JamesClapper）美国国家情报总监办公室2月26日发布年度报告称，网络攻击目前已经登顶美国所面临的最大威胁的榜单首位，其程度甚至超过了恐怖主义威胁。据BBC新闻报道，美国国家情报总监詹姆斯・克拉帕（JamesClapper）称，针对美国互联网基础设施的攻击目前正在不断削弱美国的经济竞争力以及国家安全，其频率、规模、复杂程度以及影响力都在不断上升，而那些为利益和意识形态驱使的犯罪分子以及黑客也正变得越来越活跃。美国方面也越发担心网络黑客会试图改变和破坏关键信息，使得金融市场和商业信心受到打击。此外，报告也表示，整个世界都在变得越来越不稳定，且目前恐怖分子的安全避难所已经比历史上任何时期都要多。否认面临“网络攻击末日”，中低级攻击才是最大威胁克拉帕警告称：“我们预见到今后将会有一系列不同来源，从低级到中级力度的网络攻击发生，长期下去，美国经济和安全将为此付出很大的代价。”但他也同时表示，自己并不认为美国现在面临的是“网络攻击末日”，美国金融网络及电网等主要基础设施因网络攻击而失能的可能性已有所下降。报告称，尽管网络攻击的发起者往往会对自己的身份有所隐藏，但美国的情报机构目前已经不断提高了自己的追查能力，但国际规范的匮乏仍然使得对攻击发起者的追查非常困难。此外，遭到网络攻击的受害者的沉默态度“为那些低水平的网络攻击提供了放任的环境，且这种级别的攻击引起反击的几率也较低”。中国：希望停止无端猜疑和指责报告还透露，目前俄罗斯军方正在计划建立一个网络指挥部，专门用于发动网络攻击，并表示俄罗斯所带来的网络威胁“比我们所预估的更加严重”。此外，伊朗、朝鲜和中国也被该报告列为网络威胁的几个主要来源。面对美国多次针对中国的网络攻击指控，中国外交部发言人华春莹12日在例行记者会上表示，中国政府坚决反对并依法打击任何形式的黑客攻击行为。黑客攻击是全球性问题，需要国际社会合作应对。各国应相互尊重而非相互猜疑，沟通互信而非对立指责，共同维护网络空间的和平、安全、开放、合作。美国作为世界上网络技术最先进、实力最雄厚的国家，首先应以身作则。希望美方停止对中方无端猜疑和指责，多做有利于维护网络空间和平与安全的事。美国方面声称，在过去的几年里，美国曾遭受过多次高级别的网络攻击，包括去年索尼影业和拉斯维加斯金沙集团被黑事件，称攻击分别来自朝鲜和伊朗。今年1月，美国中央司令部在Twitter上的账号也被指遭到“伊斯兰国”极端组织的黑客入侵。但克拉帕也表示，美国目前具备发起自己的网络攻击能力。据报道，2010年伊朗核电站计算机系统被黑，美国以及以色列被指为这起攻击背后的主使。
范长龙与美国防长会谈，再谈南海问题和网络攻击,当地时间2015年6月11日，美国弗吉尼亚，美国国防部长卡特欢迎到访的中国中央军委副主席范长龙。东方IC图美国东部时间6月11日上午10时，正在美国进行正式友好访问的中国中央军委副主席范长龙抵达五角大楼，与美国国防部长卡特举行会谈，这将是此次访问的“重中之重”。会谈前，卡特以最高规格的礼遇，接待了范长龙一行。据美国媒体的报道，美国国防部公共事务处的官员们说，美方可以以全套最高军礼欢迎范长龙的来访，像2014年5月解放军总参谋长房峰辉将军来访时那样检阅美国各军兵种仪仗队人员，并享受19声礼炮等礼仪。但是，五角大楼表示，范长龙上将一行选择形式较为简单的礼仪，以便有更多时间讨论双方关切的议题。美国国防部亚太事务发言人杰夫?普尔中校说，卡特部长和范长龙上将会谈的议题，包括南海问题和网络攻击事件。据美国国防部官方网站11日的消息，卡特在会上强调，中美之间都有建立并加深两国持久深入军事关系的期望，双方都希望在包括人道主义援助、灾害相应、维和、军队医疗、反海盗以及管控分歧等区域共同利益上进一步巩固合作。五角大楼表示，卡特和范长龙就军事关系、地区安全、海事实务两国共同的重大关切交换了意见，这其中就包括外界关注的南海填海造地问题。五角大楼声明提到：“国防部长卡特重申了美国对于南海的关切，并且要求中国与周边国家实现都能够持久地停止在南海的填海活动，暂停进一步的军事化，并且通过在国际法框架下寻求一致的方式和平解决各方的领土分歧。”卡特还重申了他对于双方在关于海空相遇安全行为准则问题上的共同态度。他说，这一准则有利于减少两国飞机在空中近距离相遇时发生错估的风险。卡特表示乐见范长龙与美国陆军参谋长将共同见证两国明天签署中美陆军对话机制框架文件。这一框架文件将开辟两国陆军领导人讨论共同关切的新渠道，促进在人道主义救援和灾害响应演习上的合作。双方同时还同意，恢复共同搜寻美国在华失踪军事人员的努力。最近一个时期以来，美国尤其是美军高调介入南海争端，无理指责中国在南海正常的岛礁建设，并在网络安全问题上多次抹黑中国。此种情况下，范长龙依然按原定计划访美，自然引起国际社会高度关注。美国防务新闻网站透露，南海将成为范长龙和卡特会晤重点议题。华盛顿智库战略与国际问题研究中心亚洲问题高级研究员格林(MichaelGreen)认为，范长龙与卡特之间的讨论将有助于双方降低调门、缓解紧张局势，最重要的是两军领导人建立互信，当危机发生时，此种信任有助于领导人处理情况。不过，南海问题仅是中美两军合作之“冰山一角”。自加州“习奥会”后，中美军事合作一直稳步推进，中国去年首次受邀参加了环太平洋军演，去年两国签署了关于建立重大军事行动相互通报信任措施机制的谅解备忘录和关于海空相遇安全行为准则的谅解备忘录，美方预计两国将于今年年底前签署“空中相遇”附件。中新社10日报道指出，范长龙此次访美是他任现职以来的首次，也是中央军委副主席时隔数年再度访美，规格之高备受瞩目。范长龙此访主要随行人员有副总参谋长孙建国、总政治部副主任吴昌德、北京军区司令员宋普选等。外界关注到其随行人员级别较高，尤其总政治部高级将领罕见出现在随访名单中。美国媒体的报道称，上个月底，孙建国上将和美国国防部长卡特在新加坡出席香格里拉防务对话期间针锋相对，相互指责对方在南中国海问题上损害地区和平与稳定。即便如此，美中两国官员都表示，双方会继续两军交流，增进彼此互信，包括签署两国陆军对话机制，并争取在今年内签署两军空中意外相遇行为准则。与代表团高规格阵容匹配，范长龙连日来行程也可谓“精心设计”。据美媒报道，他在加州参观了北岛海军防空站以及海军陆战队新兵训练营，其中北岛海军航空站是美海军航空兵诞生地，也是两艘航母的母港；他还参观了“罗纳德・里根”号核动力航母，考虑到“里根”号航母未来将替代“华盛顿”号航母驻扎日本，此次参观被认为有特别意义，美方此前曾表示“里根”号航母派驻日本非为遏制中国；范长龙还在西雅图参观了波音公司一家工厂，还将在得克萨斯州参观胡德堡军事基地。
金融时报：西方网络战转守为攻？美网络攻击能力威慑价值为零,西方网络防务圈人士普遍认为，许多针对美国等国家的网络攻击都来自于中国及俄罗斯。3日，《金融时报》发表其防务与安全主编萨姆?琼斯的题为“西方网络战将‘转守为攻’？”的文章。文章称，日前，很多人都没有注意到，在发表有关伊朗和中国的讲话时，奥巴马政府的国家情报总监詹姆斯?克拉珀(JamesClapper)曾就美国安全机关幕后的最重大辩论之一发出过暗示。文章表示，克拉珀“可没有口误的习惯”，他指出，网络攻击愈演愈烈的状况“将持续到我们建立了实质和心理的双重威慑之际”。考虑到美国用于提高网络能力的开支数额巨大――以至于防务领域的许多人将其类比成新的曼哈顿工程，文章认为，上述表态是一种令人震惊的认可。文章表示，专家认为美国拥有最强大的网络攻击能力，但其威慑价值却为零；西方网络防务圈人士普遍认为，许多针对美国等国家的网络攻击都来自于中国及俄罗斯。美国网络攻击能力的威慑价值为零美国战略与国际研究中心(CenterforStrategicandInternationalStudies)高级研究员、美国第44任总统网络安全委员会(CommissiononCybersecurity)项目主任詹姆斯?刘易斯(JamesLewis)表示：“美国拥有全球最强大的（网络）攻击能力，其威慑价值却为零。”“这场辩论目前的进展是：部分人表示‘也许我们必须报复，也许我们必须还击’。这是一场非常安静的辩论，根本就没怎么公开化。不过，这正是（五角大楼）目前正在开展的那种讨论。”刘易斯表示，“多年来，我们中的许多人一直在重复《奇爱博士》(Dr.Strangelove)里那句台词：如果你建造一台末日机器(Doomsdaymachine)而不告诉任何人，那对所有人都毫无益处。”在斯坦利?库布里克(StanleyKubrick)这部讽刺电影名作中，那台俄罗斯设备本来是打算作为一种完美的威慑，起到阻止核战争的作用：该设备会在美国袭击后自动采取报复行动。然而，由于它的存在性对华盛顿保密，它并未起到这种作用。相比之下，除了Stuxnet蠕虫病毒这个例外――这种传说中美国与以色列对伊朗核设施发动的网络攻击――西方攻击性的网络活动始终是有限的。文章指出，当众多西方国家政府认识到迄今他们在防务措施上的局限性、以及加强网络防护的成本之后，采取更明确进攻态势的必要性在一定程度上受到了人们的欢迎。文章举例称，美国只有45%的政府部门受到了美国国家安全局(NSA)“爱因斯坦3号”(Einstein3)安全网络的保护。这种网络能够根据美国收藏的海量恶意软件签名，自动屏蔽已知的恶意软件。此外，国家级安全漏洞的存在范围，大大超出了传统的政府部门。而鼓励私营部门加强网络安全防护措施的努力，也始终效果不一。此外，以英国为例，该国的情报和安全服务机构已经打造了一条通道，以便加强与私营部门的合作。然而文章指出，整个系统依然存在巨大短板。一位资深英国网络安全官员详细讲述了他与一家富时100(FTSE100)成分股企业打交道的过程。他曾不得不在多周内三次就系统中的一个严重漏洞通知这家企业，最终却不得不放弃这么做。他说：“这个漏洞可能会毁了它们。但是，有时候我感到来点达尔文式的教训是必要的。如今，他们要自己承担相应后果了。”文章称，就算是机构的网络安全围墙修得更高，攻击者的云梯也在加长，他们打的地道也在加深。没有人想要真正的战争原军事情报官员、现担任企业情报集团KCS首席执行官的斯图亚特?普尔-罗布(StuartPoole-Robb)表示：“恶意软件工具越来越复杂，使用这些工具的政府财力雄厚以及有组织犯罪团伙在该领域的扩散，这让人们越来越难以明白这个问题有多么严重。”文章援引数字安全供应商FireEye的数据称，2014年，所谓的“高级持续性威胁”普通攻击在被发现前持续了205天。2015年最容易遭受攻击的国家是美国、韩国、日本、加拿大、英国和德国。曾担任英国联合部队司令部网络战争军官、现任英国皇家联合军种研究院(RoyalUnitedServicesInstitute)高级研究员的尤安?劳森(EwanLawson)表示，“人们说，如果不是领土沦丧或者诸如此类的事情，那就不是战争。而是某些参与者非常愿意利用我们对网络的依赖来实现他们的政治目的。”一位极为了解英国防务能力的英国高级官员表示，“我们可以随心所欲地关灯，但我们不会这么做。问题的一部分在于弄清楚这样做的后果将是什么。对手将会如何应对。没有人想要真正的战争。”因此，文章指出，问题或许是，西方各国政府过于迟缓地认识到，网络领域极大地改变了战争本身的概念。例如，俄罗斯当前的军事学说设想，在未来的冲突中永远不会真正宣战，相反，攻击规模会越来越小。文章称，俄罗斯在网络世界中的攻击行为全都是精心设计的，不会引起任何类型的重大军事或攻击回应。美国网络司令部的一位高级军官表示，莫斯科新近青睐的战术之一是，为犯罪集团提供复杂的黑客工具和恶意软件，并让他们打击对手或者发起所谓的“伪旗”攻击，故意混淆攻击的源头。
英媒：中英签订首个网络安全协定，防止对两国企业网络攻击,当地时间10月21日，英国首相卡梅伦在同中国国家主席习近平共同出席新闻发布会。据英国《卫报》报道，当地时间21日，英国首相卡梅伦在同中国国家主席习近平在唐宁街10号首相官邸进行会晤后表示，英中两国已经就打击网络犯罪问题签署了一项“高级别安全对话”协议，旨在防止以盗窃知识产权或瘫痪系统为目的的对两国企业的网络攻击。双方将同意既不会监视双方企业的知识产权及机密信息，也不会容忍这一行为。卡梅伦称，这项网络协议将是中国和英国迈向未来更广泛的安全合作的第一步。《卫报》报道称，这项协议是英国和中国首次在网络安全领域许诺共同合作。上月，习近平主席在对美国进行国事访问期间，就曾和美方达成一致，同意建立两国“打击网络犯罪及相关事项高级别联合对话机制”。此前，中国驻英国大使刘晓明在接受英国BBC“新闻之夜”节目专访时就曾表示，中国政府坚决反对网络攻击行为，中国本身也是网络攻击的受害者。“中国的任何政府部门都不会参与网络间谍活动，中国政府也不会支持任何这样的行为。这是中国政府的承诺。”刘晓明大使说。而21日当天另一个重磅的消息，是中英正式宣布核电项目合作。21日下午，英国首相卡梅伦在唐宁街10号首相官邸与习近平主席进行正式会晤，在之后的新闻发布会上，卡梅伦宣布中国将正式参与英国欣克利角核电项目，投资60亿英镑（约合588亿元人民币），占股三分之一。
IS网络攻击能力敲响警钟，美国建网军防得住吗？,当地时间11月13日晚，发生在法国的极端组织“伊斯兰国”（IS）恐怖袭击，让巴黎这座浪漫之都陷入了巨大的悲痛。人们在谴责恐怖行为的同时，在网上也掀起了对IS的各种讨论。其实，IS的发展壮大，与其高效的网络宣传和实力不俗的网络作战能力密不可分，该组织不光在陆地上制造各种恐怖，同时也利用网络的不对称性发动针对其他国家的网络战争。不谈政治角逐和宗教争论，笔者从IS在网络上的种种表现一窥这个恐怖组织。本文对IS黑客组织的材料多借鉴于新美国基金会智囊团战略师兼高级研究员彼得・辛格（PeterSinger）撰写的“IS的恐怖袭击”一文。IS近一年来的各种“战绩”IS将其黑客组织命名为“网络哈里发”（CyberCaliphate），即“哈里发王国的网络领域”。2014年底，俄罗斯Group-IB宣称，“网络哈里发”在2014年入侵了俄罗斯600多个网站，包括政府、银行、基础设施公司等。2015年8月初，“网络哈里发”公开了1351名美国军方和政府工作人员的个人资料，鼓励世界各地IS人员找到这些人，并杀死他们。不过，安全组织“匿名者”（Anonymous，国际上知名的黑客组织――编者注）认为IS是通过谷歌得到的这些信息。2015年8月底，美国官方宣布，“网络哈里发”试图攻击美国的一处电力网络公司，但最终没有成功。2015年9月，“网络哈里发”入侵了英国内政大臣特里萨・梅的邮箱，获取了部分机密信息，该组织头目之一侯赛因・布里塔尼（HussainAlBritani）很早以前就窃听了英国前首相托尼・布莱尔的谷歌邮箱帐户。网络安全专家、世界知名的计算机及网络安全提供商F-Security总裁MikkoHypp?nen在公开场合称，IS是全球第一个有着惊人的网络攻击能力的恐怖组织。美国联邦调查局（FBI）官员吗迈克尔・斯泰因巴赫（MichaelSteinbach）称，IS在网络通信上用了大量的加密手段，对此他们目前还没找到有效的破解办法。IS可能使用了索尼PlayStation4（PS4）的游戏进行通信。《福布斯》网站报道，法国巴黎此次遭受的恐怖袭击，有证据显示IS可能使用了索尼PS4的游戏进行通信，他们之所以这么做是因为PS4很难被监控。根据2013年斯诺登泄露的文件显示，美国国家安全局和中情局确实潜入了《魔兽世界》等游戏窥探恐怖分子的虚拟会议。比利时内政部长简・让邦（JanJambon）也警告说，越来越多的IS恐怖分子正利用PS4的内置聊天功能互相沟通，增加了监视的难度，声称PS4比WhatsApp还难跟踪。此前有报道称，一名奥地利青年因为从PS4上下载炸弹计划而被捕。可能的成员朱奈德・侯赛因（JunaidHussain）英国籍巴勒斯坦黑客，IS黑客组织的领导人，2012年因入侵英国前首相布莱尔的账户而入狱，2013年出狱后赴叙利亚，加入了CyberCaliphate并成为其领导人。他是一名顶尖的电脑黑客，帮助极端组织攻击英国银行，是IS著名的招募成员。美国中央情报局曾将他列为打击IS的第三号人物。今年8月26日，美国军方消息人士声称，侯赛因已在叙利亚境内IS自称的首都拉卡市遭美军无人机定点清除，被炸死。阿迪特弗里兹（ArditFerizi）来自《华盛顿邮报》的消息称，弗里兹是一个科索沃阿尔巴尼亚族裔黑客团队的头目，该团队自称“科索沃黑客安全组织”（KosovaHackersSecurity）。弗里兹今年6月“侵入一家美国在线零售公司使用的服务器”，“获得了约10万人的数据”，后来，他整理了数据，提取军方和政府相关人员个人信息，并传输给一些IS宣传员（被指是上述的侯赛因），后在东南亚国家被捕。今年9月，安全组织“匿名者”宣布他们追踪到了“网络哈里发”。他们发现维护ISTwitter的数十个账户都解析到了科威特的一个IP，在账户被封之后，“网络哈里发”在沉默了一周之后，新的账户又指向了同样的IP。“匿名者”认为“网络哈里发”谎称了大多数的攻击行为，这些攻击行为基本上都是由其他组织所为。同时“匿名者”发起了一个旨在抵抗CyberCaliphate的行动“#OPISIS”，目前已经关闭了数百个IS的twitter、facebook账户，封掉了数百个宣传IS的网站。对国家行为体的启示总体来看，IS对网络宣传与作战的运用让各个国家很难有效应对，其充分利用了网络作战的不对称性。恐怖组织尚且如此，如果国与国之间爆发网络战争，谁能够独善其身呢？笔者做如下思考和建议：第一，世界第一的网络强国美国不应继续加紧针对负责任大国的网络战争准备。在今年中美两国领导人会晤之前，笔者曾发表了“美网络战争准备已进入最后阶段”的文章，但看过IS资料之后还是大吃一惊，美网络战争准备明显出现了方向性的错误。可惜的是，近日，作为一项前所未有的举措，美国国会已经向美国网络司令部发出命令，要求其组织以俄罗斯、中国、伊朗以及朝鲜为假想敌的模拟网络“军事演习”。这项演习预计将涉及在伍军人、平民以及相关承包商，旨在抵御未来五到十年内可能由上述各国发起的网络攻势。在本周二经过国会方面初步审议之后，这份法案正在等待奥巴马总统的签字认可。今天的“巴黎9・11”再一次警告美国，继续加紧“以我为敌”的网络战争准备，是选错了目标做错了事。第二，世界第一的网络大国应切实担负大国责任，尽快建立网军，承担世界“网络维和”任务。《中国信息安全》杂志封面人物、“共和国卫士”安卫平将军在“建立打击网络恐怖主义‘国际维和’力量”一文中指出，建立“网络维和力量”的国际需求日益迫切；打击网络恐怖主义的国家责任尤其重大；执行网络反恐维和任务军队义不容辞。作为世界第二大经济体和世界网民数量第一的国家，要保护自己网络空间的主权、安全和发展利益，承担全球网络空间维和任务，就必须加紧建设自己的网军。第三，世界各国爱好和平的人们应尽快联手，倡导先进的网络防御理念，维护网络空间和平发展。尽管笔者之前一直强调以攻为守，攻势制胜，但在应对网络恐怖主义的威慑中，应该强调以防为主。但这种防需要突破目前“静态防御”的态势，研发“技术先进”的防御理念，才能有足够的能力让网络攻击无处藏身。
